-- ============================================
-- DreamPlazaConstructionEngineering 数据库初始化脚本
-- ============================================
-- MySQL dump 10.13  Distrib 9.2.0, for macos15.2 (arm64)
--
-- Host: 127.0.0.1    Database: DreamPlazaConstructionEngineering
-- ------------------------------------------------------
-- Server version	9.2.0

-- ============================================
-- 创建数据库（如果不存在）
-- ============================================
CREATE DATABASE IF NOT EXISTS `DreamPlazaConstructionEngineering` 
  DEFAULT CHARACTER SET utf8mb4 
  DEFAULT COLLATE utf8mb4_0900_ai_ci;

-- 使用数据库
USE `DreamPlazaConstructionEngineering`;

-- ============================================
-- 设置SQL模式和环境变量
-- ============================================
/*!40101 SET @OLD_CHARACTER_SET_CLIENT=@@CHARACTER_SET_CLIENT */;
/*!40101 SET @OLD_CHARACTER_SET_RESULTS=@@CHARACTER_SET_RESULTS */;
/*!40101 SET @OLD_COLLATION_CONNECTION=@@COLLATION_CONNECTION */;
/*!50503 SET NAMES utf8mb4 */;
/*!40103 SET @OLD_TIME_ZONE=@@TIME_ZONE */;
/*!40103 SET TIME_ZONE='+00:00' */;
/*!40014 SET @OLD_UNIQUE_CHECKS=@@UNIQUE_CHECKS, UNIQUE_CHECKS=0 */;
/*!40014 SET @OLD_FOREIGN_KEY_CHECKS=@@FOREIGN_KEY_CHECKS, FOREIGN_KEY_CHECKS=0 */;
/*!40101 SET @OLD_SQL_MODE=@@SQL_MODE, SQL_MODE='NO_AUTO_VALUE_ON_ZERO' */;
/*!40111 SET @OLD_SQL_NOTES=@@SQL_NOTES, SQL_NOTES=0 */;

--
-- Table structure for table `apply_log`
--

DROP TABLE IF EXISTS `apply_log`;
/*!40101 SET @saved_cs_client     = @@character_set_client */;
/*!50503 SET character_set_client = utf8mb4 */;
CREATE TABLE `apply_log` (
  `id` bigint NOT NULL AUTO_INCREMENT COMMENT '主键ID',
  `apply_id` varchar(64) NOT NULL COMMENT '申请单ID（关联apply_primary.apply_id）',
  `approval_node` bigint NOT NULL COMMENT '审批节点（编制ID，oa_department.id）',
  `approver_id` varchar(64) NOT NULL COMMENT '审批人工号',
  `approval_result` int NOT NULL COMMENT '审批结果（0-申请提交，1-同意，2-驳回）',
  `approval_comment` text COMMENT '审批意见',
  `approval_images` text COMMENT '审批意见附图（JSON格式，存储图片URL列表）',
  `approval_start_time` datetime DEFAULT NULL COMMENT '审批开始时间',
  `approval_end_time` datetime DEFAULT NULL COMMENT '审批结束时间',
  PRIMARY KEY (`id`),
  KEY `idx_apply_id` (`apply_id`),
  KEY `idx_approval_node` (`approval_node`),
  KEY `idx_approver_id` (`approver_id`),
  KEY `idx_approval_result` (`approval_result`)
) ENGINE=InnoDB DEFAULT CHARSET=utf8mb4 COLLATE=utf8mb4_0900_ai_ci COMMENT='审批日志表';
/*!40101 SET character_set_client = @saved_cs_client */;

--
-- Dumping data for table `apply_log`
--

LOCK TABLES `apply_log` WRITE;
/*!40000 ALTER TABLE `apply_log` DISABLE KEYS */;
/*!40000 ALTER TABLE `apply_log` ENABLE KEYS */;
UNLOCK TABLES;

--
-- Table structure for table `apply_primary`
--

DROP TABLE IF EXISTS `apply_primary`;
/*!40101 SET @saved_cs_client     = @@character_set_client */;
/*!50503 SET character_set_client = utf8mb4 */;
CREATE TABLE `apply_primary` (
  `id` bigint NOT NULL AUTO_INCREMENT COMMENT '主键ID',
  `apply_type` int NOT NULL COMMENT '申请类型（1-项目推进任务）',
  `apply_id` varchar(64) NOT NULL COMMENT '申请单ID（雪花算法生成，全局唯一）',
  `apply_status` int NOT NULL DEFAULT '0' COMMENT '申请单状态（0-审批中，1-完成，2-驳回，3-撤销）',
  `create_time` datetime DEFAULT NULL COMMENT '创建时间',
  `update_time` datetime DEFAULT NULL COMMENT '更新时间',
  PRIMARY KEY (`id`),
  UNIQUE KEY `uk_apply_id` (`apply_id`),
  KEY `idx_apply_type_status` (`apply_type`,`apply_status`),
  KEY `idx_apply_status` (`apply_status`)
) ENGINE=InnoDB DEFAULT CHARSET=utf8mb4 COLLATE=utf8mb4_0900_ai_ci COMMENT='申请主表';
/*!40101 SET character_set_client = @saved_cs_client */;

--
-- Dumping data for table `apply_primary`
--

LOCK TABLES `apply_primary` WRITE;
/*!40000 ALTER TABLE `apply_primary` DISABLE KEYS */;
/*!40000 ALTER TABLE `apply_primary` ENABLE KEYS */;
UNLOCK TABLES;

--
-- Table structure for table `apply_rules`
--

DROP TABLE IF EXISTS `apply_rules`;
/*!40101 SET @saved_cs_client     = @@character_set_client */;
/*!50503 SET character_set_client = utf8mb4 */;
CREATE TABLE `apply_rules` (
  `id` bigint NOT NULL AUTO_INCREMENT COMMENT '主键ID',
  `apply_id` varchar(64) NOT NULL COMMENT '申请单ID（关联apply_primary.apply_id）',
  `approval_nodes` text COMMENT '审批节点数组（JSON格式，存储编制ID列表，oa_department.id）',
  `approved_nodes` text COMMENT '已审批节点数组（JSON格式，存储已审批的编制ID列表，oa_department.id）',
  `current_approval_node` bigint DEFAULT NULL COMMENT '当前审批节点（编制ID，oa_department.id，可为null）',
  `create_time` datetime DEFAULT NULL COMMENT '创建时间',
  `update_time` datetime DEFAULT NULL COMMENT '更新时间',
  PRIMARY KEY (`id`),
  UNIQUE KEY `uk_apply_id` (`apply_id`),
  KEY `idx_current_approval_node` (`current_approval_node`)
) ENGINE=InnoDB DEFAULT CHARSET=utf8mb4 COLLATE=utf8mb4_0900_ai_ci COMMENT='审批规则表';
/*!40101 SET character_set_client = @saved_cs_client */;

--
-- Dumping data for table `apply_rules`
--

LOCK TABLES `apply_rules` WRITE;
/*!40000 ALTER TABLE `apply_rules` DISABLE KEYS */;
/*!40000 ALTER TABLE `apply_rules` ENABLE KEYS */;
UNLOCK TABLES;

--
-- Table structure for table `apscheduler_jobs`
--

DROP TABLE IF EXISTS `apscheduler_jobs`;
/*!40101 SET @saved_cs_client     = @@character_set_client */;
/*!50503 SET character_set_client = utf8mb4 */;
CREATE TABLE `apscheduler_jobs` (
  `id` varchar(191) NOT NULL,
  `next_run_time` double DEFAULT NULL,
  `job_state` blob NOT NULL,
  PRIMARY KEY (`id`),
  KEY `ix_apscheduler_jobs_next_run_time` (`next_run_time`)
) ENGINE=InnoDB DEFAULT CHARSET=utf8mb4 COLLATE=utf8mb4_0900_ai_ci;
/*!40101 SET character_set_client = @saved_cs_client */;

--
-- Dumping data for table `apscheduler_jobs`
--

LOCK TABLES `apscheduler_jobs` WRITE;
/*!40000 ALTER TABLE `apscheduler_jobs` DISABLE KEYS */;
/*!40000 ALTER TABLE `apscheduler_jobs` ENABLE KEYS */;
UNLOCK TABLES;

--
-- Table structure for table `gen_table`
--

DROP TABLE IF EXISTS `gen_table`;
/*!40101 SET @saved_cs_client     = @@character_set_client */;
/*!50503 SET character_set_client = utf8mb4 */;
CREATE TABLE `gen_table` (
  `table_id` bigint NOT NULL AUTO_INCREMENT COMMENT '编号',
  `table_name` varchar(200) DEFAULT '' COMMENT '表名称',
  `table_comment` varchar(500) DEFAULT '' COMMENT '表描述',
  `sub_table_name` varchar(64) DEFAULT NULL COMMENT '关联子表的表名',
  `sub_table_fk_name` varchar(64) DEFAULT NULL COMMENT '子表关联的外键名',
  `class_name` varchar(100) DEFAULT '' COMMENT '实体类名称',
  `tpl_category` varchar(200) DEFAULT 'crud' COMMENT '使用的模板（crud单表操作 tree树表操作）',
  `tpl_web_type` varchar(30) DEFAULT '' COMMENT '前端模板类型（element-ui模版 element-plus模版）',
  `package_name` varchar(100) DEFAULT NULL COMMENT '生成包路径',
  `module_name` varchar(30) DEFAULT NULL COMMENT '生成模块名',
  `business_name` varchar(30) DEFAULT NULL COMMENT '生成业务名',
  `function_name` varchar(50) DEFAULT NULL COMMENT '生成功能名',
  `function_author` varchar(50) DEFAULT NULL COMMENT '生成功能作者',
  `gen_type` char(1) DEFAULT '0' COMMENT '生成代码方式（0zip压缩包 1自定义路径）',
  `gen_path` varchar(200) DEFAULT '/' COMMENT '生成路径（不填默认项目路径）',
  `options` varchar(1000) DEFAULT NULL COMMENT '其它生成选项',
  `create_by` varchar(64) DEFAULT '' COMMENT '创建者',
  `create_time` datetime DEFAULT NULL COMMENT '创建时间',
  `update_by` varchar(64) DEFAULT '' COMMENT '更新者',
  `update_time` datetime DEFAULT NULL COMMENT '更新时间',
  `remark` varchar(500) DEFAULT NULL COMMENT '备注',
  PRIMARY KEY (`table_id`)
) ENGINE=InnoDB DEFAULT CHARSET=utf8mb4 COLLATE=utf8mb4_0900_ai_ci COMMENT='代码生成业务表';
/*!40101 SET character_set_client = @saved_cs_client */;

--
-- Dumping data for table `gen_table`
--

LOCK TABLES `gen_table` WRITE;
/*!40000 ALTER TABLE `gen_table` DISABLE KEYS */;
/*!40000 ALTER TABLE `gen_table` ENABLE KEYS */;
UNLOCK TABLES;

--
-- Table structure for table `gen_table_column`
--

DROP TABLE IF EXISTS `gen_table_column`;
/*!40101 SET @saved_cs_client     = @@character_set_client */;
/*!50503 SET character_set_client = utf8mb4 */;
CREATE TABLE `gen_table_column` (
  `column_id` bigint NOT NULL AUTO_INCREMENT COMMENT '编号',
  `table_id` bigint DEFAULT NULL COMMENT '归属表编号',
  `column_name` varchar(200) DEFAULT NULL COMMENT '列名称',
  `column_comment` varchar(500) DEFAULT NULL COMMENT '列描述',
  `column_type` varchar(100) DEFAULT NULL COMMENT '列类型',
  `python_type` varchar(500) DEFAULT NULL COMMENT 'PYTHON类型',
  `python_field` varchar(200) DEFAULT NULL COMMENT 'PYTHON字段名',
  `is_pk` char(1) DEFAULT NULL COMMENT '是否主键（1是）',
  `is_increment` char(1) DEFAULT NULL COMMENT '是否自增（1是）',
  `is_required` char(1) DEFAULT NULL COMMENT '是否必填（1是）',
  `is_unique` char(1) DEFAULT NULL COMMENT '是否唯一（1是）',
  `is_insert` char(1) DEFAULT NULL COMMENT '是否为插入字段（1是）',
  `is_edit` char(1) DEFAULT NULL COMMENT '是否编辑字段（1是）',
  `is_list` char(1) DEFAULT NULL COMMENT '是否列表字段（1是）',
  `is_query` char(1) DEFAULT NULL COMMENT '是否查询字段（1是）',
  `query_type` varchar(200) DEFAULT 'EQ' COMMENT '查询方式（等于、不等于、大于、小于、范围）',
  `html_type` varchar(200) DEFAULT NULL COMMENT '显示类型（文本框、文本域、下拉框、复选框、单选框、日期控件）',
  `dict_type` varchar(200) DEFAULT '' COMMENT '字典类型',
  `sort` int DEFAULT NULL COMMENT '排序',
  `create_by` varchar(64) DEFAULT '' COMMENT '创建者',
  `create_time` datetime DEFAULT NULL COMMENT '创建时间',
  `update_by` varchar(64) DEFAULT '' COMMENT '更新者',
  `update_time` datetime DEFAULT NULL COMMENT '更新时间',
  PRIMARY KEY (`column_id`),
  KEY `table_id` (`table_id`),
  CONSTRAINT `gen_table_column_ibfk_1` FOREIGN KEY (`table_id`) REFERENCES `gen_table` (`table_id`)
) ENGINE=InnoDB DEFAULT CHARSET=utf8mb4 COLLATE=utf8mb4_0900_ai_ci COMMENT='代码生成业务表字段';
/*!40101 SET character_set_client = @saved_cs_client */;

--
-- Dumping data for table `gen_table_column`
--

LOCK TABLES `gen_table_column` WRITE;
/*!40000 ALTER TABLE `gen_table_column` DISABLE KEYS */;
/*!40000 ALTER TABLE `gen_table_column` ENABLE KEYS */;
UNLOCK TABLES;

--
-- Table structure for table `oa_department`
--

DROP TABLE IF EXISTS `oa_department`;
/*!40101 SET @saved_cs_client     = @@character_set_client */;
/*!50503 SET character_set_client = utf8mb4 */;
CREATE TABLE `oa_department` (
  `id` bigint NOT NULL AUTO_INCREMENT COMMENT '主键ID',
  `name` varchar(100) DEFAULT '' COMMENT '部门名称',
  `code` varchar(50) DEFAULT '' COMMENT '部门代码',
  `parent_id` bigint DEFAULT '0' COMMENT '父部门ID',
  `description` varchar(255) DEFAULT '' COMMENT '描述',
  `sort_no` int DEFAULT '0' COMMENT '排序号',
  `area_id` bigint DEFAULT '0' COMMENT '区域ID',
  `project_id` bigint DEFAULT '0' COMMENT '项目ID',
  `rank_id` bigint DEFAULT '0' COMMENT '职级ID',
  `formation_type` tinyint(1) DEFAULT '0' COMMENT '编制类型',
  `linked_subject_id` bigint DEFAULT '0' COMMENT '关联科目ID',
  `attendance_type` tinyint(1) DEFAULT '0' COMMENT '考勤类型',
  `max_shift_count` int DEFAULT '1' COMMENT '最大班次数',
  `belong_shop_item_ids` varchar(500) DEFAULT '' COMMENT '所属门店项目IDs',
  `post_type` tinyint(1) DEFAULT '0' COMMENT '岗位类型',
  `position_biz_type` tinyint(1) DEFAULT '0' COMMENT '职位业务类型',
  `status` tinyint(1) DEFAULT '0' COMMENT '状态',
  `enable` tinyint(1) DEFAULT '1' COMMENT '启用状态',
  `gmt_create_by` varchar(64) DEFAULT '' COMMENT '创建人',
  `gmt_create_time` datetime DEFAULT NULL COMMENT '创建时间',
  `gmt_modify_by` varchar(64) DEFAULT '' COMMENT '修改人',
  `gmt_modify_time` datetime DEFAULT NULL COMMENT '修改时间',
  PRIMARY KEY (`id`),
  KEY `idx_parent_id` (`parent_id`),
  KEY `idx_code` (`code`),
  KEY `idx_rank_id` (`rank_id`)
) ENGINE=InnoDB AUTO_INCREMENT=6950 DEFAULT CHARSET=utf8mb4 COLLATE=utf8mb4_0900_ai_ci COMMENT='部门表';
/*!40101 SET character_set_client = @saved_cs_client */;

--
-- Dumping data for table `oa_department`
--

LOCK TABLES `oa_department` WRITE;
/*!40000 ALTER TABLE `oa_department` DISABLE KEYS */;
INSERT INTO `oa_department` VALUES (2,'工程中心','02',0,'',20,0,0,32,0,109,0,1,'',0,0,0,1,'赵玮[000001]','2020-04-27 08:49:32','孙波[000077]','2021-09-30 14:55:17'),(15,'开发施工','02A01',2,'',100,0,0,33,0,109,0,1,'',0,0,0,1,'赵玮[000001]','2020-04-27 10:03:58','吴彩萍[000120]','2021-07-14 17:31:12'),(29,'设计装饰','02A02',2,'',200,0,0,33,0,109,0,1,'',0,0,0,1,'赵玮[000001]','2020-04-27 10:07:10','吴彩萍[000120]','2021-07-14 17:43:49'),(30,'财务合约','02A03',2,'',300,0,0,33,0,109,0,1,'',0,0,0,1,'赵玮[000001]','2020-04-27 10:09:10','吴彩萍[000120]','2021-07-14 17:49:59'),(49,'土建管理','02A01B01C01',5256,'',0,0,0,35,0,109,0,1,'',0,0,0,1,'朱涵威','2021-07-20 13:53:00','','2021-07-20 13:53:13'),(50,'土建管理','02A01B02C01',5257,'',0,0,0,35,0,109,0,1,'',0,0,0,1,'朱涵威','2021-07-20 13:56:44','','2021-07-20 13:56:58'),(51,'土建管理','02A01B03C01',5258,'',0,0,0,35,0,109,0,1,'',0,0,0,1,'朱涵威','2021-07-20 13:57:15','','2021-07-20 13:57:28'),(52,'安装管理','02A01B04C01',5259,'',0,0,0,35,0,109,0,1,'',0,0,0,1,'朱涵威','2021-07-20 13:57:51','','2021-07-20 13:58:05'),(53,'安装管理','02A01B05C01',5260,'',0,0,0,35,0,109,0,1,'',0,0,0,1,'朱涵威','2021-07-20 13:58:19','','2021-07-20 13:58:33'),(54,'开发管理','02A01B06C01',5261,'',0,0,0,35,0,109,0,1,'',0,0,0,1,'朱涵威','2021-07-20 13:59:23','','2021-07-20 13:59:36'),(55,'土建管理','02A01B01C01D01',49,'',0,0,0,36,0,109,0,1,'',0,0,0,1,'朱涵威','2021-07-20 14:07:23','','2021-07-20 14:07:37'),(56,'土建管理','02A01B01C01D01E01',55,'',0,0,0,37,0,109,0,1,'',0,0,0,1,'朱涵威','2021-07-20 14:07:23','','2021-07-20 14:07:37'),(57,'土建管理','02A01B01C01D01E01F01',56,'',0,0,0,38,0,109,0,1,'',0,0,0,1,'朱涵威','2021-07-20 14:07:23','','2021-07-20 14:07:37'),(58,'土建管理','02A01B01C01D01E01F01G01',57,'',0,0,0,39,0,109,0,1,'',0,0,0,1,'朱涵威','2021-07-20 14:07:23','','2021-07-20 14:07:37'),(59,'土建管理','02A01B01C02D01',6814,'',0,0,0,36,0,109,0,1,'',0,0,0,1,'朱涵威','2021-07-20 14:07:23','','2021-07-20 14:07:37'),(60,'土建管理','02A01B01C02D01E01',59,'',0,0,0,37,0,109,0,1,'',0,0,0,1,'朱涵威','2021-07-20 14:07:23','','2021-07-20 14:07:37'),(61,'土建管理','02A01B01C02D01E01F01',60,'',0,0,0,38,0,109,0,1,'',0,0,0,1,'朱涵威','2021-07-20 14:07:23','','2021-07-20 14:07:37'),(62,'土建管理','02A01B01C02D01E01F01G01',61,'',0,0,0,39,0,109,0,1,'',0,0,0,1,'朱涵威','2021-07-20 14:07:23','','2021-07-20 14:07:37'),(86,'土建管理','02A01B02C01D01',50,'',0,0,0,36,0,109,0,1,'',0,0,0,1,'朱涵威','2021-07-20 14:18:09','','2021-07-20 14:18:22'),(87,'土建管理','02A01B02C01D01E01',86,'',0,0,0,37,0,109,0,1,'',0,0,0,1,'朱涵威','2021-07-20 14:18:09','','2021-07-20 14:18:22'),(88,'土建管理','02A01B02C01D01E01F01',87,'',0,0,0,38,0,109,0,1,'',0,0,0,1,'朱涵威','2021-07-20 14:18:09','','2021-07-20 14:18:22'),(89,'土建管理','02A01B02C01D01E01F01G01',88,'',0,0,0,39,0,109,0,1,'',0,0,0,1,'朱涵威','2021-07-20 14:18:09','','2021-07-20 14:18:22'),(90,'土建管理','02A01B02C01D02',50,'',0,0,0,36,0,109,0,1,'',0,0,0,1,'朱涵威','2021-07-20 14:18:09','','2021-07-20 14:18:22'),(91,'土建管理','02A01B02C01D02E01',90,'',0,0,0,37,0,109,0,1,'',0,0,0,1,'朱涵威','2021-07-20 14:18:09','','2021-07-20 14:18:22'),(92,'土建管理','02A01B02C01D02E01F01',91,'',0,0,0,38,0,109,0,1,'',0,0,0,1,'朱涵威','2021-07-20 14:18:09','','2021-07-20 14:18:22'),(93,'土建管理','02A01B02C01D02E01F01G01',92,'',0,0,0,39,0,109,0,1,'',0,0,0,1,'朱涵威','2021-07-20 14:18:09','','2021-07-20 14:18:22'),(115,'土建管理','02A01B03C01D01',51,'',0,0,0,36,0,109,0,1,'',0,0,0,1,'朱涵威','2021-07-20 14:21:28','','2021-07-20 14:21:41'),(116,'土建管理','02A01B03C01D01E01',115,'',0,0,0,37,0,109,0,1,'',0,0,0,1,'朱涵威','2021-07-20 14:21:28','','2021-07-20 14:21:41'),(117,'土建管理','02A01B03C01D01E01F01',116,'',0,0,0,38,0,109,0,1,'',0,0,0,1,'朱涵威','2021-07-20 14:21:28','','2021-07-20 14:21:41'),(118,'土建管理','02A01B03C01D01E01F01G01',117,'',0,0,0,39,0,109,0,1,'',0,0,0,1,'朱涵威','2021-07-20 14:21:28','','2021-07-20 14:21:41'),(119,'土建管理','02A01B03C01D02',51,'',0,0,0,36,0,109,0,1,'',0,0,0,1,'朱涵威','2021-07-20 14:21:28','','2021-07-20 14:21:41'),(120,'土建管理','02A01B03C01D02E01',119,'',0,0,0,37,0,109,0,1,'',0,0,0,1,'朱涵威','2021-07-20 14:21:28','','2021-07-20 14:21:41'),(121,'土建管理','02A01B03C01D02E01F01',120,'',0,0,0,38,0,109,0,1,'',0,0,0,1,'朱涵威','2021-07-20 14:21:28','','2021-07-20 14:21:41'),(122,'土建管理','02A01B03C01D02E01F01G01',121,'',0,0,0,39,0,109,0,1,'',0,0,0,1,'朱涵威','2021-07-20 14:21:28','','2021-07-20 14:21:41'),(125,'安装管理','02A01B04C01D01',52,'',0,0,0,36,0,109,0,1,'',0,0,0,1,'朱涵威','2021-07-20 14:23:29','','2021-07-20 14:23:42'),(126,'安装管理','02A01B04C01D01E01',125,'',0,0,0,37,0,109,0,1,'',0,0,0,1,'朱涵威','2021-07-20 14:23:29','','2021-07-20 14:23:42'),(127,'安装管理','02A01B04C01D01E01F01',126,'',0,0,0,38,0,109,0,1,'',0,0,0,1,'朱涵威','2021-07-20 14:23:29','','2021-07-20 14:23:42'),(128,'安装管理','02A01B04C01D01E01F01G01',127,'',0,0,0,39,0,109,0,1,'',0,0,0,1,'朱涵威','2021-07-20 14:23:29','','2021-07-20 14:23:42'),(129,'安装管理','02A01B04C01D02',52,'',0,0,0,36,0,109,0,1,'',0,0,0,1,'朱涵威','2021-07-20 14:23:29','','2021-07-20 14:23:42'),(130,'安装管理','02A01B04C01D02E01',129,'',0,0,0,37,0,109,0,1,'',0,0,0,1,'朱涵威','2021-07-20 14:23:29','','2021-07-20 14:23:42'),(131,'安装管理','02A01B04C01D02E01F01',130,'',0,0,0,38,0,109,0,1,'',0,0,0,1,'朱涵威','2021-07-20 14:23:29','','2021-07-20 14:23:42'),(132,'安装管理','02A01B04C01D02E01F01G01',131,'',0,0,0,39,0,109,0,1,'',0,0,0,1,'朱涵威','2021-07-20 14:23:29','','2021-07-20 14:23:42'),(136,'安装管理','02A01B05C01D01',53,'',0,0,0,36,0,109,0,1,'',0,0,0,1,'朱涵威','2021-07-20 14:26:07','','2021-07-20 14:26:20'),(137,'安装管理','02A01B05C01D01E01',136,'',0,0,0,37,0,109,0,1,'',0,0,0,1,'朱涵威','2021-07-20 14:26:07','','2021-07-20 14:26:20'),(138,'安装管理','02A01B05C01D01E01F01',137,'',0,0,0,38,0,109,0,1,'',0,0,0,1,'朱涵威','2021-07-20 14:26:07','','2021-07-20 14:26:20'),(139,'安装管理','02A01B05C01D01E01F01G01',138,'',0,0,0,39,0,109,0,1,'',0,0,0,1,'朱涵威','2021-07-20 14:26:07','','2021-07-20 14:26:20'),(140,'安装管理','02A01B05C01D02',53,'',0,0,0,36,0,109,0,1,'',0,0,0,1,'朱涵威','2021-07-20 14:26:07','','2021-07-20 14:26:20'),(141,'安装管理','02A01B05C01D02E01',140,'',0,0,0,37,0,109,0,1,'',0,0,0,1,'朱涵威','2021-07-20 14:26:07','','2021-07-20 14:26:20'),(142,'安装管理','02A01B05C01D02E01F01',141,'',0,0,0,38,0,109,0,1,'',0,0,0,1,'朱涵威','2021-07-20 14:26:07','','2021-07-20 14:26:20'),(143,'安装管理','02A01B05C01D02E01F01G01',142,'',0,0,0,39,0,109,0,1,'',0,0,0,1,'朱涵威','2021-07-20 14:26:07','','2021-07-20 14:26:20'),(146,'开发管理','02A01B06C01D01',54,'',0,0,0,36,0,109,0,1,'',0,0,0,1,'朱涵威','2021-07-20 14:31:36','','2021-07-20 14:31:50'),(147,'开发管理','02A01B06C01D01E01',146,'',0,0,0,37,0,109,0,1,'',0,0,0,1,'朱涵威','2021-07-20 14:31:36','','2021-07-20 14:31:50'),(148,'开发管理','02A01B06C01D01E01F01',147,'',0,0,0,38,0,109,0,1,'',0,0,0,1,'朱涵威','2021-07-20 14:31:36','','2021-07-20 14:31:50'),(149,'开发管理','02A01B06C01D01E01F01G01',148,'',0,0,0,39,0,109,0,1,'',0,0,0,1,'朱涵威','2021-07-20 14:31:36','','2021-07-20 14:31:50'),(150,'开发管理','02A01B06C01D02',54,'',0,0,0,36,0,109,0,1,'',0,0,0,1,'朱涵威','2021-07-20 14:31:36','','2021-07-20 14:31:50'),(151,'开发管理','02A01B06C01D02E01',150,'',0,0,0,37,0,109,0,1,'',0,0,0,1,'朱涵威','2021-07-20 14:31:36','','2021-07-20 14:31:50'),(152,'开发管理','02A01B06C01D02E01F01',151,'',0,0,0,38,0,109,0,1,'',0,0,0,1,'朱涵威','2021-07-20 14:31:36','','2021-07-20 14:31:50'),(153,'开发管理','02A01B06C01D02E01F01G01',152,'',0,0,0,39,0,109,0,1,'',0,0,0,1,'朱涵威','2021-07-20 14:31:36','','2021-07-20 14:31:50'),(176,'店装管理','02A02B01C01',5268,'',0,0,0,35,0,109,0,1,'',0,0,0,1,'朱涵威','2021-07-20 14:38:13','','2021-07-20 14:38:27'),(177,'店装管理','02A02B02C01',5269,'',0,0,0,35,0,109,0,1,'',0,0,0,1,'朱涵威','2021-07-20 14:38:13','','2021-07-20 14:38:27'),(178,'店装管理','02A02B03C01',5270,'',0,0,0,35,0,109,0,1,'',0,0,0,1,'朱涵威','2021-07-20 14:38:13','','2021-07-20 14:38:27'),(179,'公装管理','02A02B04C01',5271,'',0,0,0,35,0,109,0,1,'',0,0,0,1,'朱涵威','2021-07-20 14:38:13','','2021-07-20 14:38:27'),(180,'公装管理','02A02B05C01',5272,'',0,0,0,35,0,109,0,1,'',0,0,0,1,'朱涵威','2021-07-20 14:38:13','','2021-07-20 14:38:27'),(181,'建筑设计','02A02B06C01',5273,'',0,0,0,35,0,109,0,1,'',0,0,0,1,'朱涵威','2021-07-20 14:38:13','','2021-07-20 14:38:27'),(188,'店装管理','02A02B01C01D01',176,'',0,0,0,36,0,109,0,1,'',0,0,0,1,'朱涵威','2021-07-20 14:40:18','','2021-07-20 14:40:32'),(189,'店装管理','02A02B01C01D01E01',188,'',0,0,0,37,0,109,0,1,'',0,0,0,1,'朱涵威','2021-07-20 14:40:18','','2021-07-20 14:40:32'),(190,'店装管理','02A02B01C01D01E01F01',189,'',0,0,0,38,0,109,0,1,'',0,0,0,1,'朱涵威','2021-07-20 14:40:18','','2021-07-20 14:40:32'),(191,'店装管理','02A02B01C01D01E01F01G01',190,'',0,0,0,39,0,109,0,1,'',0,0,0,1,'朱涵威','2021-07-20 14:40:18','','2021-07-20 14:40:32'),(192,'店装管理','02A02B01C01D02',176,'',0,0,0,36,0,109,0,1,'',0,0,0,1,'朱涵威','2021-07-20 14:40:18','','2021-07-20 14:40:32'),(193,'店装管理','02A02B01C01D02E01',192,'',0,0,0,37,0,109,0,1,'',0,0,0,1,'朱涵威','2021-07-20 14:40:18','','2021-07-20 14:40:32'),(194,'店装管理','02A02B01C01D02E01F01',193,'',0,0,0,38,0,109,0,1,'',0,0,0,1,'朱涵威','2021-07-20 14:40:18','','2021-07-20 14:40:32'),(195,'店装管理','02A02B01C01D02E01F01G01',194,'',0,0,0,39,0,109,0,1,'',0,0,0,1,'朱涵威','2021-07-20 14:40:18','','2021-07-20 14:40:32'),(198,'店装管理','02A02B02C01D01',177,'',0,0,0,36,0,109,0,1,'',0,0,0,1,'朱涵威','2021-07-20 14:42:06','','2021-07-20 14:42:19'),(199,'店装管理','02A02B02C01D01E01',198,'',0,0,0,37,0,109,0,1,'',0,0,0,1,'朱涵威','2021-07-20 14:42:06','','2021-07-20 14:42:19'),(200,'店装管理','02A02B02C01D01E01F01',199,'',0,0,0,38,0,109,0,1,'',0,0,0,1,'朱涵威','2021-07-20 14:42:06','','2021-07-20 14:42:19'),(201,'店装管理','02A02B02C01D01E01F01G01',200,'',0,0,0,39,0,109,0,1,'',0,0,0,1,'朱涵威','2021-07-20 14:42:06','','2021-07-20 14:42:19'),(202,'店装管理','02A02B02C01D02',177,'',0,0,0,36,0,109,0,1,'',0,0,0,1,'朱涵威','2021-07-20 14:42:06','','2021-07-20 14:42:19'),(203,'店装管理','02A02B02C01D02E01',202,'',0,0,0,37,0,109,0,1,'',0,0,0,1,'朱涵威','2021-07-20 14:42:06','','2021-07-20 14:42:19'),(204,'店装管理','02A02B02C01D02E01F01',203,'',0,0,0,38,0,109,0,1,'',0,0,0,1,'朱涵威','2021-07-20 14:42:06','','2021-07-20 14:42:19'),(205,'店装管理','02A02B02C01D02E01F01G01',204,'',0,0,0,39,0,109,0,1,'',0,0,0,1,'朱涵威','2021-07-20 14:42:06','','2021-07-20 14:42:19'),(211,'店装管理','02A02B03C01D01',178,'',0,0,0,36,0,109,0,1,'',0,0,0,1,'朱涵威','2021-07-20 14:43:54','','2021-07-20 14:44:08'),(212,'店装管理','02A02B03C01D01E01',211,'',0,0,0,37,0,109,0,1,'',0,0,0,1,'朱涵威','2021-07-20 14:43:54','','2021-07-20 14:44:08'),(213,'店装管理','02A02B03C01D01E01F01',212,'',0,0,0,38,0,109,0,1,'',0,0,0,1,'朱涵威','2021-07-20 14:43:54','','2021-07-20 14:44:08'),(214,'店装管理','02A02B03C01D01E01F01G01',213,'',0,0,0,39,0,109,0,1,'',0,0,0,1,'朱涵威','2021-07-20 14:43:54','','2021-07-20 14:44:08'),(215,'店装管理','02A02B03C01D02',178,'',0,0,0,36,0,109,0,1,'',0,0,0,1,'朱涵威','2021-07-20 14:43:54','','2021-07-20 14:44:08'),(216,'店装管理','02A02B03C01D02E01',215,'',0,0,0,37,0,109,0,1,'',0,0,0,1,'朱涵威','2021-07-20 14:43:54','','2021-07-20 14:44:08'),(217,'店装管理','02A02B03C01D02E01F01',216,'',0,0,0,38,0,109,0,1,'',0,0,0,1,'朱涵威','2021-07-20 14:43:54','','2021-07-20 14:44:08'),(218,'店装管理','02A02B03C01D02E01F01G01',217,'',0,0,0,39,0,109,0,1,'',0,0,0,1,'朱涵威','2021-07-20 14:43:54','','2021-07-20 14:44:08'),(219,'公装管理','02A02B04C01D01',179,'',0,0,0,36,0,109,0,1,'',0,0,0,1,'朱涵威','2021-07-20 14:46:00','','2021-07-20 14:46:14'),(220,'公装管理','02A02B04C01D01E01',219,'',0,0,0,37,0,109,0,1,'',0,0,0,1,'朱涵威','2021-07-20 14:46:00','','2021-07-20 14:46:14'),(221,'公装管理','02A02B04C01D01E01F01',220,'',0,0,0,38,0,109,0,1,'',0,0,0,1,'朱涵威','2021-07-20 14:46:00','','2021-07-20 14:46:14'),(222,'公装管理','02A02B04C01D01E01F01G01',221,'',0,0,0,39,0,109,0,1,'',0,0,0,1,'朱涵威','2021-07-20 14:46:00','','2021-07-20 14:46:14'),(223,'公装管理','02A02B04C01D02',179,'',0,0,0,36,0,109,0,1,'',0,0,0,1,'朱涵威','2021-07-20 14:46:00','','2021-07-20 14:46:14'),(224,'公装管理','02A02B04C01D02E01',223,'',0,0,0,37,0,109,0,1,'',0,0,0,1,'朱涵威','2021-07-20 14:46:00','','2021-07-20 14:46:14'),(225,'公装管理','02A02B04C01D02E01F01',224,'',0,0,0,38,0,109,0,1,'',0,0,0,1,'朱涵威','2021-07-20 14:46:00','','2021-07-20 14:46:14'),(226,'公装管理','02A02B04C01D02E01F01G01',225,'',0,0,0,39,0,109,0,1,'',0,0,0,1,'朱涵威','2021-07-20 14:46:00','','2021-07-20 14:46:14'),(227,'公装管理','02A02B05C01D01',180,'',0,0,0,36,0,109,0,1,'',0,0,0,1,'朱涵威','2021-07-20 14:47:56','','2021-07-20 14:48:10'),(228,'公装管理','02A02B05C01D01E01',227,'',0,0,0,37,0,109,0,1,'',0,0,0,1,'朱涵威','2021-07-20 14:47:56','','2021-07-20 14:48:10'),(229,'公装管理','02A02B05C01D01E01F01',228,'',0,0,0,38,0,109,0,1,'',0,0,0,1,'朱涵威','2021-07-20 14:47:56','','2021-07-20 14:48:10'),(230,'公装管理','02A02B05C01D01E01F01G01',229,'',0,0,0,39,0,109,0,1,'',0,0,0,1,'朱涵威','2021-07-20 14:47:56','','2021-07-20 14:48:10'),(231,'公装管理','02A02B05C01D02',180,'',0,0,0,36,0,109,0,1,'',0,0,0,1,'朱涵威','2021-07-20 14:47:56','','2021-07-20 14:48:10'),(232,'公装管理','02A02B05C01D02E01',231,'',0,0,0,37,0,109,0,1,'',0,0,0,1,'朱涵威','2021-07-20 14:47:56','','2021-07-20 14:48:10'),(233,'公装管理','02A02B05C01D02E01F01',232,'',0,0,0,38,0,109,0,1,'',0,0,0,1,'朱涵威','2021-07-20 14:47:56','','2021-07-20 14:48:10'),(234,'公装管理','02A02B05C01D02E01F01G01',233,'',0,0,0,39,0,109,0,1,'',0,0,0,1,'朱涵威','2021-07-20 14:47:56','','2021-07-20 14:48:10'),(235,'建筑设计','02A02B06C01D01',181,'',0,0,0,36,0,109,0,1,'',0,0,0,1,'朱涵威','2021-07-20 14:50:01','','2021-07-20 14:50:14'),(236,'建筑设计','02A02B06C01D01E01',235,'',0,0,0,37,0,109,0,1,'',0,0,0,1,'朱涵威','2021-07-20 14:50:01','','2021-07-20 14:50:14'),(237,'建筑设计','02A02B06C01D01E01F01',236,'',0,0,0,38,0,109,0,1,'',0,0,0,1,'朱涵威','2021-07-20 14:50:01','','2021-07-20 14:50:14'),(238,'建筑设计','02A02B06C01D01E01F01G01',237,'',0,0,0,39,0,109,0,1,'',0,0,0,1,'朱涵威','2021-07-20 14:50:01','','2021-07-20 14:50:14'),(239,'建筑设计','02A02B06C01D02',181,'',0,0,0,36,0,109,0,1,'',0,0,0,1,'朱涵威','2021-07-20 14:50:01','','2021-07-20 14:50:15'),(240,'建筑设计','02A02B06C01D02E01',239,'',0,0,0,37,0,109,0,1,'',0,0,0,1,'朱涵威','2021-07-20 14:50:01','','2021-07-20 14:50:15'),(241,'建筑设计','02A02B06C01D02E01F01',240,'',0,0,0,38,0,109,0,1,'',0,0,0,1,'朱涵威','2021-07-20 14:50:01','','2021-07-20 14:50:15'),(242,'建筑设计','02A02B06C01D02E01F01G01',241,'',0,0,0,39,0,109,0,1,'',0,0,0,1,'朱涵威','2021-07-20 14:50:01','','2021-07-20 14:50:15'),(243,'人事财务','02A03B01C01',5274,'',0,0,0,35,0,109,0,1,'',0,0,0,1,'朱涵威','2021-07-20 14:57:35','','2021-07-20 14:57:48'),(244,'人事财务','02A03B01C01D01',243,'',0,0,0,36,0,109,0,1,'',0,0,0,1,'朱涵威','2021-07-20 14:57:35','','2021-07-20 14:57:48'),(245,'人事财务','02A03B01C01D01E01',244,'',0,0,0,37,0,109,0,1,'',0,0,0,1,'朱涵威','2021-07-20 14:57:35','','2021-07-20 14:57:48'),(246,'人事财务','02A03B01C01D01E01F01',245,'',0,0,0,38,0,109,0,1,'',0,0,0,1,'朱涵威','2021-07-20 14:57:35','','2021-07-20 14:57:48'),(247,'人事财务','02A03B01C01D01E01F01G01',246,'',0,0,0,39,0,109,0,1,'',0,0,0,1,'朱涵威','2021-07-20 14:57:35','','2021-07-20 14:57:48'),(248,'人事财务','02A03B01C01D02',243,'',0,0,0,36,0,109,0,1,'',0,0,0,1,'朱涵威','2021-07-20 14:57:35','','2021-07-20 14:57:48'),(249,'人事财务','02A03B01C01D02E01',248,'',0,0,0,37,0,109,0,1,'',0,0,0,1,'朱涵威','2021-07-20 14:57:35','','2021-07-20 14:57:48'),(250,'人事财务','02A03B01C01D02E01F01',249,'',0,0,0,38,0,109,0,1,'',0,0,0,1,'朱涵威','2021-07-20 14:57:35','','2021-07-20 14:57:48'),(251,'人事财务','02A03B01C01D02E01F01G01',250,'',0,0,0,39,0,109,0,1,'',0,0,0,1,'朱涵威','2021-07-20 14:57:35','','2021-07-20 14:57:48'),(252,'行政财务','02A03B02C01',5275,'',0,0,0,35,0,109,0,1,'',0,0,0,1,'朱涵威','2021-07-20 14:57:35','','2021-07-20 14:57:48'),(253,'行政财务','02A03B02C01D01',252,'',0,0,0,36,0,109,0,1,'',0,0,0,1,'朱涵威','2021-07-20 14:57:35','','2021-07-20 14:57:48'),(254,'行政财务','02A03B02C01D01E01',253,'',0,0,0,37,0,109,0,1,'',0,0,0,1,'朱涵威','2021-07-20 14:57:35','','2021-07-20 14:57:48'),(255,'行政财务','02A03B02C01D01E01F01',254,'',0,0,0,38,0,109,0,1,'',0,0,0,1,'朱涵威','2021-07-20 14:57:35','','2021-07-20 14:57:48'),(256,'行政财务','02A03B02C01D01E01F01G01',255,'',0,0,0,39,0,109,0,1,'',0,0,0,1,'朱涵威','2021-07-20 14:57:35','','2021-07-20 14:57:48'),(257,'行政财务','02A03B02C01D02',252,'',0,0,0,36,0,109,0,1,'',0,0,0,1,'朱涵威','2021-07-20 14:57:35','','2021-07-20 14:57:48'),(258,'行政财务','02A03B02C01D02E01',257,'',0,0,0,37,0,109,0,1,'',0,0,0,1,'朱涵威','2021-07-20 14:57:35','','2021-07-20 14:57:48'),(259,'行政财务','02A03B02C01D02E01F01',258,'',0,0,0,38,0,109,0,1,'',0,0,0,1,'朱涵威','2021-07-20 14:57:35','','2021-07-20 14:57:48'),(260,'行政财务','02A03B02C01D02E01F01G01',259,'',0,0,0,39,0,109,0,1,'',0,0,0,1,'朱涵威','2021-07-20 14:57:35','','2021-07-20 14:57:48'),(261,'成本合约','02A03B03C01',5276,'',0,0,0,35,0,109,0,1,'',0,0,0,1,'朱涵威','2021-07-20 14:57:35','','2021-07-20 14:57:48'),(262,'成本合约','02A03B03C01D01',261,'',0,0,0,36,0,109,0,1,'',0,0,0,1,'朱涵威','2021-07-20 14:57:35','','2021-07-20 14:57:48'),(263,'成本合约','02A03B03C01D01E01',262,'',0,0,0,37,0,109,0,1,'',0,0,0,1,'朱涵威','2021-07-20 14:57:35','','2021-07-20 14:57:48'),(264,'成本合约','02A03B03C01D01E01F01',263,'',0,0,0,38,0,109,0,1,'',0,0,0,1,'朱涵威','2021-07-20 14:57:35','','2021-07-20 14:57:48'),(265,'成本合约','02A03B03C01D01E01F01G01',264,'',0,0,0,39,0,109,0,1,'',0,0,0,1,'朱涵威','2021-07-20 14:57:35','','2021-07-20 14:57:48'),(266,'成本合约','02A03B03C01D02',261,'',0,0,0,36,0,109,0,1,'',0,0,0,1,'朱涵威','2021-07-20 14:57:35','','2021-07-20 14:57:48'),(269,'成本合约','02A03B03C01D02E01',266,'',0,0,0,37,0,109,0,1,'',0,0,0,1,'朱涵威','2021-07-20 14:58:59','','2021-07-20 14:59:13'),(270,'成本合约','02A03B03C01D02E01F01',269,'',0,0,0,38,0,109,0,1,'',0,0,0,1,'朱涵威','2021-07-20 14:58:59','','2021-07-20 14:59:13'),(271,'成本合约','02A03B03C01D02E01F01G01',270,'',0,0,0,39,0,109,0,1,'',0,0,0,1,'朱涵威','2021-07-20 14:58:59','','2021-07-20 14:59:13'),(3598,'店装管理','02A02B01C01D03',176,'',0,0,0,36,0,109,0,1,'',0,0,0,1,'赵玮','2021-12-31 21:55:09','','2021-12-31 21:55:08'),(3599,'安装管理','02A01B04C01D03',52,'',0,0,0,36,0,109,0,1,'',0,0,0,1,'赵玮','2021-12-31 22:43:17','','2021-12-31 22:43:17'),(4741,'公装管理','02A02B04C01D03',179,'',0,0,0,36,0,109,0,1,'',0,0,0,1,'赵玮','2022-10-17 21:14:39','','2022-10-17 21:14:38'),(5256,'土建管理','02A01B01',15,'',0,0,0,34,0,109,0,1,'',0,0,0,1,'朱涵威','2021-07-20 13:53:00','','2021-07-20 13:53:13'),(5257,'土建管理','02A01B02',15,'',0,0,0,34,0,109,0,1,'',0,0,0,1,'朱涵威','2021-07-20 13:56:44','','2021-07-20 13:56:58'),(5258,'土建管理','02A01B03',15,'',0,0,0,34,0,109,0,1,'',0,0,0,1,'朱涵威','2021-07-20 13:57:15','','2021-07-20 13:57:28'),(5259,'安装管理','02A01B04',15,'',0,0,0,34,0,109,0,1,'',0,0,0,1,'朱涵威','2021-07-20 13:57:51','','2021-07-20 13:58:05'),(5260,'安装管理','02A01B05',15,'',0,0,0,34,0,109,0,1,'',0,0,0,1,'朱涵威','2021-07-20 13:58:19','','2021-07-20 13:58:33'),(5261,'开发管理','02A01B06',15,'',0,0,0,34,0,109,0,1,'',0,0,0,1,'朱涵威','2021-07-20 13:59:23','','2021-07-20 13:59:36'),(5268,'店装管理','02A02B01',29,'',0,0,0,34,0,109,0,1,'',0,0,0,1,'朱涵威','2021-07-20 14:38:13','','2021-07-20 14:38:27'),(5269,'店装管理','02A02B02',29,'',0,0,0,34,0,109,0,1,'',0,0,0,1,'朱涵威','2021-07-20 14:38:13','','2021-07-20 14:38:27'),(5270,'店装管理','02A02B03',29,'',0,0,0,34,0,109,0,1,'',0,0,0,1,'朱涵威','2021-07-20 14:38:13','','2021-07-20 14:38:27'),(5271,'公装管理','02A02B04',29,'',0,0,0,34,0,109,0,1,'',0,0,0,1,'朱涵威','2021-07-20 14:38:13','','2021-07-20 14:38:27'),(5272,'公装管理','02A02B05',29,'',0,0,0,34,0,109,0,1,'',0,0,0,1,'朱涵威','2021-07-20 14:38:13','','2021-07-20 14:38:27'),(5273,'建筑设计','02A02B06',29,'',0,0,0,34,0,109,0,1,'',0,0,0,1,'朱涵威','2021-07-20 14:38:13','','2021-07-20 14:38:27'),(5274,'人事财务','02A03B01',30,'',0,0,0,34,0,109,0,1,'',0,0,0,1,'朱涵威','2021-07-20 14:57:35','','2021-07-20 14:57:48'),(5275,'行政财务','02A03B02',30,'',0,0,0,34,0,109,0,1,'',0,0,0,1,'朱涵威','2021-07-20 14:57:35','','2021-07-20 14:57:48'),(5276,'成本合约','02A03B03',30,'',0,0,0,34,0,109,0,1,'',0,0,0,1,'朱涵威','2021-07-20 14:57:35','','2021-07-20 14:57:48'),(6640,'开发管理','02A01B06C01D03',54,'',0,0,0,36,0,109,0,1,'',0,0,0,1,'赵玮','2024-03-08 14:18:20','','2024-03-08 14:18:20'),(6641,'开发管理','02A01B06C01D03E01',6640,'',0,0,0,37,0,109,0,1,'',0,0,0,1,'赵玮','2024-03-08 14:18:20','','2024-03-08 14:18:20'),(6642,'开发管理','02A01B06C01D03E01F01',6641,'',0,0,0,38,0,109,0,1,'',0,0,0,1,'赵玮','2024-03-08 14:18:20','','2024-03-08 14:18:20'),(6643,'开发管理','02A01B06C01D03E01F01G01',6642,'',0,0,0,39,0,109,0,1,'',0,0,0,1,'赵玮','2024-03-08 14:18:20','','2024-03-08 14:18:20'),(6812,'建筑设计','02A02B06C01D01E02',235,'',0,0,0,37,0,109,0,1,'',0,0,0,1,'赵玮','2024-04-09 10:52:51','','2024-04-09 10:52:51'),(6814,'土建管理','02A01B01C02',5256,'',0,0,0,35,0,109,0,1,'',0,0,0,1,'赵玮','2024-04-11 10:44:23','','2024-04-11 10:44:23'),(6919,'土建管理','02A01B01C02D02',6814,'',0,0,0,36,0,109,0,1,'',0,0,0,1,'赵玮','2024-05-21 09:13:23','','2024-05-21 09:13:22'),(6923,'土建管理','02A01B02C01D02E02',90,'',0,0,0,37,0,109,0,1,'',0,0,0,1,'赵玮','2024-05-24 12:20:30','','2024-05-24 12:20:30'),(6946,'开发管理','02A01B06C01D04',54,'',0,0,0,36,0,109,0,1,'',0,0,0,1,'赵玮','2024-06-10 22:46:35','','2024-06-10 22:46:34'),(6948,'开发管理','02A01B06C01D04E01',6946,'',0,0,0,37,0,109,0,1,'',0,0,0,1,'赵玮','2024-06-12 17:35:32','','2024-06-12 17:35:31'),(6949,'开发管理','02A01B06C01D04E01F01',6948,'',0,0,0,38,0,109,0,1,'',0,0,0,1,'赵玮','2024-06-12 17:35:32','','2024-06-12 17:35:31');
/*!40000 ALTER TABLE `oa_department` ENABLE KEYS */;
UNLOCK TABLES;

--
-- Table structure for table `oa_employee_primary`
--

DROP TABLE IF EXISTS `oa_employee_primary`;
/*!40101 SET @saved_cs_client     = @@character_set_client */;
/*!50503 SET character_set_client = utf8mb4 */;
CREATE TABLE `oa_employee_primary` (
  `id` bigint NOT NULL AUTO_INCREMENT COMMENT '主键ID',
  `name` varchar(50) DEFAULT '' COMMENT '姓名',
  `job_number` varchar(20) DEFAULT '' COMMENT '工号',
  `internet_number` varchar(20) DEFAULT '' COMMENT '网络编号',
  `identity_number` varchar(18) DEFAULT '' COMMENT '身份证号',
  `company_id` bigint DEFAULT '0' COMMENT '公司ID',
  `organization_id` bigint DEFAULT '0' COMMENT '组织ID',
  `rank_id` bigint DEFAULT '0' COMMENT '职级ID',
  `status` tinyint(1) DEFAULT '0' COMMENT '状态',
  `phone` varchar(20) DEFAULT '' COMMENT '手机号',
  `job_type` tinyint(1) DEFAULT '0' COMMENT '工作类型',
  `special_work_type` tinyint(1) DEFAULT '0' COMMENT '特殊工作类型',
  `push_id` varchar(100) DEFAULT '' COMMENT '推送ID',
  `bma_push_id` varchar(100) DEFAULT '' COMMENT 'BMA推送ID',
  `agree_policy_flag` tinyint(1) DEFAULT '0' COMMENT '同意政策标志',
  `avatar_image` varchar(500) DEFAULT '' COMMENT '头像图片',
  `sex` tinyint(1) DEFAULT '0' COMMENT '性别(1男2女)',
  `resign_status` tinyint(1) DEFAULT '0' COMMENT '离职状态',
  `entry_date` datetime DEFAULT NULL COMMENT '入职日期',
  `variable_entry_date` datetime DEFAULT NULL COMMENT '可变入职日期',
  `correction_date` datetime DEFAULT NULL COMMENT '转正日期',
  `resign_date` datetime DEFAULT NULL COMMENT '离职日期',
  `attendance_type` tinyint(1) DEFAULT '0' COMMENT '考勤类型',
  `formation_type` tinyint(1) DEFAULT '0' COMMENT '编制类型',
  `salary_type` tinyint(1) DEFAULT '0' COMMENT '薪资类型',
  `unit_salary` decimal(10,2) DEFAULT '0.00' COMMENT '单位薪资',
  `birthday` varchar(10) DEFAULT '' COMMENT '生日',
  `sales_department_id` bigint DEFAULT '0' COMMENT '销售部门ID',
  `sales_status` tinyint(1) DEFAULT '0' COMMENT '销售状态',
  `sales_rank_id` bigint DEFAULT '0' COMMENT '销售职级ID',
  `protocol_expiration_time` datetime DEFAULT NULL COMMENT '协议到期时间',
  `interviewer_job_number` varchar(20) DEFAULT '' COMMENT '面试员工号',
  `special_type` tinyint(1) DEFAULT '0' COMMENT '特殊类型',
  `reserve_flag` tinyint(1) DEFAULT '0' COMMENT '储备标志',
  `protocol_type` tinyint(1) DEFAULT '0' COMMENT '协议类型',
  `important_flag` tinyint(1) DEFAULT '0' COMMENT '重要标志',
  `study_system_flag` tinyint(1) DEFAULT '0' COMMENT '学习系统标志',
  `performance_flag` tinyint(1) DEFAULT '0' COMMENT '绩效标志',
  `enable` tinyint(1) DEFAULT '1' COMMENT '启用状态',
  `gmt_create_by` varchar(64) DEFAULT '' COMMENT '创建人',
  `gmt_create_time` datetime DEFAULT NULL COMMENT '创建时间',
  `gmt_modify_by` varchar(64) DEFAULT '' COMMENT '修改人',
  `gmt_modify_time` datetime DEFAULT NULL COMMENT '修改时间',
  PRIMARY KEY (`id`),
  KEY `idx_job_number` (`job_number`),
  KEY `idx_organization_id` (`organization_id`),
  KEY `idx_rank_id` (`rank_id`),
  KEY `idx_company_id` (`company_id`)
) ENGINE=InnoDB AUTO_INCREMENT=7521 DEFAULT CHARSET=utf8mb4 COLLATE=utf8mb4_0900_ai_ci COMMENT='员工主表';
/*!40101 SET character_set_client = @saved_cs_client */;

--
-- Dumping data for table `oa_employee_primary`
--

LOCK TABLES `oa_employee_primary` WRITE;
/*!40000 ALTER TABLE `oa_employee_primary` DISABLE KEYS */;
INSERT INTO `oa_employee_primary` VALUES (4,'朱涵威','000004','000919','32058619861202271X',2,2,32,3,'13912774029',0,0,'170976fa8b82a2a9e6f','',1,'',1,0,'1900-01-01 00:00:00','1900-01-01 00:00:00','1900-01-01 00:00:00','1900-01-01 00:00:00',0,0,3,0.00,'12-02',5446,2,33,'2027-08-30 15:17:26','',0,0,1,0,1,1,1,'赵玮[000001]','2020-04-27 10:01:02','朱涵威[000004]','2024-07-30 15:17:26'),(8,'许亮','000008','000086','321323199201096318',2,15,33,3,'18762693757',0,0,'1a0018970ba10e1674b','',1,'',1,0,'1900-01-01 00:00:00','1900-01-01 00:00:00','1900-01-01 00:00:00','1900-01-01 00:00:00',0,0,3,0.00,'01-09',5447,2,34,'2027-08-30 15:17:26','',0,0,1,0,1,1,1,'赵玮[000001]','2020-04-27 10:06:30','吴孝辰[000019]','2024-07-30 15:17:26'),(14,'赵俊','000014','000092','321183199106143214',2,29,33,3,'15261678889',0,0,'121c83f760cb15bb3aa','',1,'https://oabucket-1253765789.cos.ap-shanghai.myqcloud.com/api/prod/43f251ee0a74437b947be0990ec2e6b8.png',1,0,'1900-01-01 00:00:00','1900-01-01 00:00:00','1900-01-01 00:00:00','1900-01-01 00:00:00',0,0,3,0.00,'07-25',5454,2,34,'2027-08-30 15:17:27','',0,0,1,0,1,1,1,'赵玮[000001]','2020-04-27 10:08:37','吴孝辰[000019]','2024-07-30 15:17:27'),(16,'任芮','000016','000079','230621199605180066',2,30,33,3,'18861823112',0,0,'1517bfd3f6c84716707','',1,'',2,0,'1900-01-01 00:00:00','1900-01-01 00:00:00','1900-01-01 00:00:00','1900-01-01 00:00:00',0,0,3,0.00,'07-03',0,0,0,'2027-08-30 15:17:27','',0,0,1,0,1,1,1,'赵玮[000001]','2020-04-27 10:10:13','任芮[000016]','2024-07-30 15:17:27'),(55,'徐星','000031','000781','320586198702144219',2,5256,34,3,'13451663798',0,0,'1517bfd3f726e49efe8','',1,'',1,0,'2021-07-23 19:25:43','2021-07-23 19:25:43','2022-01-23 00:00:00','1900-01-01 00:00:00',0,0,3,0.00,'02-14',5448,2,35,'2027-08-30 15:17:29','',0,0,1,0,1,1,1,'朱涵威','2021-07-23 19:25:43','SYSTEM转正自动更新','2024-07-30 15:17:29'),(56,'吴嘉诚','000123','007881','32021119980417191X',2,6923,37,4,'13921508985',0,0,'1104a89793a9b3bb794','',1,'',1,1,'2021-07-23 19:30:51','2021-07-23 19:30:51','2022-01-23 00:00:00','2024-07-19 00:00:00',0,0,3,0.00,'04-17',0,0,0,'2027-07-04 22:40:21','',0,0,1,0,1,1,1,'朱涵威','2021-07-23 19:30:51','SYSTEM','2024-07-19 00:00:00'),(57,'吴彩萍','000120','003371','320282199502097246',2,244,36,3,'15061596863',0,0,'1a0018970bab77beb19','',1,'',2,0,'2021-07-23 19:32:58','2021-07-23 19:32:58','2022-01-23 00:00:00','1900-01-01 00:00:00',0,0,3,0.00,'02-09',0,0,0,'2027-08-30 15:17:29','',0,0,1,0,1,1,1,'朱涵威','2021-07-23 19:32:58','SYSTEM转正自动更新','2024-07-30 15:17:29'),(58,'谢静','002773','105226','320282198706223967',2,249,37,4,'18795689856',0,0,'190e35f7e09f1f47b8f','',1,'',2,1,'2021-07-23 19:33:59','2021-07-23 19:33:59','2022-01-23 00:00:00','2022-07-01 00:00:00',0,0,3,0.00,'06-22',0,0,0,'1900-01-01 00:00:00','',0,0,0,0,1,1,1,'朱涵威','2021-07-23 19:33:59','SYSTEM','2022-07-01 00:00:00'),(60,'董超凡','002772','105223','321323199902126110',2,146,36,3,'15250707406',0,0,'1507bfd3f6cbf2cdf34','',1,'',1,0,'2021-07-23 19:38:41','2021-07-23 19:38:41','2022-01-23 00:00:00','1900-01-01 00:00:00',0,0,3,0.00,'02-12',5453,2,38,'2027-08-30 15:17:29','',0,0,1,0,1,1,1,'朱涵威','2021-07-23 19:38:41','SYSTEM转正自动更新','2024-07-30 15:17:29'),(61,'杨撬','000080','000967','342225199307267818',2,129,36,3,'15262966717',0,0,'18171adc021e5ffbb19','',1,'https://oabucket-1253765789.cos.ap-shanghai.myqcloud.com/api/prod/b76fe7a0e82b458984b5975cefe9f365.png',1,0,'2021-07-23 19:42:53','2021-07-23 19:42:53','2022-01-23 00:00:00','1900-01-01 00:00:00',0,0,3,0.00,'07-26',0,0,0,'2027-08-30 15:17:29','',0,0,1,0,1,1,1,'朱涵威','2021-07-23 19:42:53','SYSTEM转正自动更新','2024-07-30 15:17:29'),(62,'史俊辉','000271','002852','320282199709295215',2,90,36,3,'15962966721',0,0,'1a1018970a41df132d1','',1,'https://oabucket-1253765789.cos.ap-shanghai.myqcloud.com/api/prod/a3f276db51c24972985515230609b1d3.png',1,0,'2021-07-23 19:45:02','2021-07-23 19:45:02','2022-01-23 00:00:00','1900-01-01 00:00:00',0,0,3,0.00,'09-29',0,0,0,'2027-08-30 15:17:29','',0,0,1,0,1,1,1,'朱涵威','2021-07-23 19:45:02','史俊辉[000271]','2024-07-30 15:17:29'),(63,'朱宗旺','000044','000295','620105199007073039',2,180,35,3,'18721317730',1,0,'18071adc023b60de1cd','',1,'',1,0,'2021-07-23 19:46:57','2021-07-23 19:46:57','2022-01-23 00:00:00','1900-01-01 00:00:00',0,0,3,0.00,'07-07',0,0,0,'2027-08-30 15:17:29','',0,0,1,0,1,1,1,'朱涵威','2021-07-23 19:46:57','SYSTEM转正自动更新','2024-07-30 15:17:29'),(64,'季佳桢','000104','000503','320683199712292013',2,227,36,3,'13861981296',0,0,'1a1018970bbe4bcca2d','',1,'',1,0,'2021-07-23 19:48:41','2021-07-23 19:48:41','2022-01-23 00:00:00','1900-01-01 00:00:00',0,0,3,0.00,'12-29',0,0,0,'2027-08-30 15:17:29','',0,0,1,0,1,1,1,'朱涵威','2021-07-23 19:48:41','SYSTEM转正自动更新','2024-07-30 15:17:29'),(65,'黄瓒','000041','000298','430923199206263514',2,5268,34,3,'13012879858',0,0,'13065ffa4f2cbe3dbef','',1,'',1,0,'2021-07-23 19:51:29','2021-07-23 19:51:29','2022-01-23 00:00:00','1900-01-01 00:00:00',0,0,3,0.00,'06-26',5455,2,35,'2027-08-30 15:17:29','',0,0,1,0,1,1,1,'朱涵威','2021-07-23 19:51:29','SYSTEM转正自动更新','2024-07-30 15:17:29'),(66,'周清','000086','000500','320524199609292714',2,3598,36,3,'17805052998',0,0,'13065ffa4f0f01ded50','',1,'',1,0,'2021-07-23 19:53:50','2021-07-23 19:53:50','2022-01-23 00:00:00','1900-01-01 00:00:00',0,0,3,0.00,'09-28',0,0,0,'2027-08-30 15:17:29','',0,0,1,0,1,1,1,'朱涵威','2021-07-23 19:53:50','SYSTEM转正自动更新','2024-07-30 15:17:29'),(67,'王键','000096','000757','321321199311101832',2,177,35,3,'13771113680',0,0,'1517bfd3f6dfc939ac6','',1,'',1,0,'2021-07-23 19:56:02','2021-07-23 19:56:02','2022-01-23 00:00:00','1900-01-01 00:00:00',0,0,3,0.00,'11-10',5457,2,36,'2027-08-30 15:17:29','',0,0,1,0,1,1,1,'朱涵威','2021-07-23 19:56:02','SYSTEM转正自动更新','2024-07-30 15:17:29'),(68,'严晶晶','000101','010233','320829199410151429',2,198,36,3,'18800572740',0,0,'121c83f7610414b9889','',1,'',2,0,'2021-07-23 19:57:11','2021-07-23 19:57:11','2022-01-23 00:00:00','1900-01-01 00:00:00',0,0,3,0.00,'10-15',0,0,0,'2027-08-30 15:17:29','',0,0,1,0,1,1,1,'朱涵威','2021-07-23 19:57:11','SYSTEM转正自动更新','2024-07-30 15:17:29'),(69,'曾庆佳','000098','000385','321183199605025319',2,202,36,3,'19952865431',0,0,'1114a897926345d41f3','',1,'',1,0,'2021-07-23 19:59:01','2021-07-23 19:59:01','2022-01-23 00:00:00','1900-01-01 00:00:00',0,0,3,0.00,'05-21',0,0,0,'2027-08-30 15:17:29','',0,0,1,0,1,1,1,'朱涵威','2021-07-23 19:59:01','SYSTEM转正自动更新','2024-07-30 15:17:29'),(70,'万小林','000042','000223','512534197402267811',2,5271,34,3,'18952951659',0,0,'191e35f7e0b8084d7bb','',1,'',1,0,'2021-07-23 20:00:35','2021-07-23 20:00:35','2022-01-23 00:00:00','1900-01-01 00:00:00',0,0,3,0.00,'02-26',0,0,0,'2027-08-30 15:17:29','',0,0,1,0,1,1,1,'朱涵威','2021-07-23 20:00:35','SYSTEM转正自动更新','2024-07-30 15:17:29'),(71,'何鹏','002600','095677','140221198712120511',2,181,35,3,'13647499200',0,0,'120c83f760d17318aca','',1,'https://oabucket-1253765789.cos.ap-shanghai.myqcloud.com/api/prod/ed1f668d0a534503a61ba8d7ab1a9f4b.png',1,0,'2021-07-23 20:02:28','2021-07-23 20:02:28','2022-01-23 00:00:00','1900-01-01 00:00:00',0,0,3,0.00,'01-27',0,0,0,'2027-08-30 15:17:29','',0,0,1,0,1,1,1,'朱涵威','2021-07-23 20:02:28','SYSTEM转正自动更新','2024-07-30 15:17:29'),(72,'张吴','002598','190189','321283198709164437',2,50,35,3,'19951163316',0,0,'141fe1da9fb0c4f924d','',1,'',1,0,'2021-07-23 20:04:15','2021-07-23 20:04:15','2022-01-23 00:00:00','1900-01-01 00:00:00',0,0,3,0.00,'09-16',0,0,0,'2027-08-30 15:17:29','',0,0,1,0,1,1,1,'朱涵威','2021-07-23 20:04:15','吴孝辰[000019]','2024-07-30 15:17:29'),(73,'赵长安','002903','107818','321323199804086119',2,127,38,4,'15261116603',0,0,'141fe1da9e7028438c6','',1,'',1,1,'2021-07-23 20:06:30','2021-07-23 20:06:30','2022-01-23 00:00:00','2021-08-20 00:00:00',0,0,3,0.00,'04-08',0,0,0,'1900-01-01 00:00:00','',0,0,0,0,1,1,1,'朱涵威','2021-07-23 20:06:30','SYSTEM','2021-08-20 00:00:00'),(75,'朱秀国','000270','000866','320382199806234612',2,5261,34,3,'15961812708',1,0,'160a3797c8eecdbd0d6','',1,'https://oabucket-1253765789.cos.ap-shanghai.myqcloud.com/api/prod/af480318b8be4e28b03f229d026afa10.png',1,0,'2021-07-23 20:10:51','2021-07-23 20:10:51','2022-01-23 00:00:00','1900-01-01 00:00:00',0,0,3,0.00,'06-23',0,0,0,'2027-08-30 15:17:29','',0,0,1,0,1,1,1,'朱涵威','2021-07-23 20:10:51','朱秀国[000270]','2024-07-30 15:17:29'),(76,'张鑫','000268','000765','321181198511202073',2,49,35,3,'13160222797',0,0,'160a3797c8fcb7f9f4b','',1,'',1,0,'2021-07-23 20:14:40','2021-07-23 20:14:40','2022-01-23 00:00:00','1900-01-01 00:00:00',0,0,3,0.00,'11-20',0,0,0,'2027-08-30 15:17:30','',0,0,1,0,1,1,1,'朱涵威','2021-07-23 20:14:40','吴孝辰[000019]','2024-07-30 15:17:30'),(77,'刘昊','000078','000913','321323199503080071',2,136,36,3,'15861787745',0,0,'161a3797c93e3288010','',1,'https://oabucket-1253765789.cos.ap-shanghai.myqcloud.com/api/prod/5d26d3f8664844b5bc2fa455dbe6e483.png',1,0,'2021-07-23 20:16:50','2021-07-23 20:16:50','2022-01-23 00:00:00','1900-01-01 00:00:00',0,0,3,0.00,'03-08',0,0,0,'2027-08-30 15:17:30','',0,0,1,0,1,1,1,'朱涵威','2021-07-23 20:16:50','SYSTEM转正自动更新','2024-07-30 15:17:30'),(78,'柏文武','002801','105808','321282198701060055',2,219,36,3,'18136585170',0,0,'141fe1da9f9f1a24388','',1,'https://oabucket-1253765789.cos.ap-shanghai.myqcloud.com/api/prod/683932a1ab9c47cba07dc337aa914fa0.png',1,0,'2021-07-23 20:19:07','2021-07-23 20:19:07','2022-01-23 00:00:00','1900-01-01 00:00:00',0,0,3,0.00,'01-06',5460,2,37,'2027-08-30 15:17:30','',0,0,1,0,1,1,1,'朱涵威','2021-07-23 20:19:07','柏文武[002801]','2024-07-30 15:17:30'),(79,'陈海涛','000038','000857','321181198503192813',2,5257,34,3,'15952920021',0,0,'120c83f760c9723448e','',1,'',1,0,'2021-07-23 20:21:04','2021-07-23 20:21:04','2022-01-23 00:00:00','1900-01-01 00:00:00',0,0,3,0.00,'03-19',0,0,0,'2027-08-30 15:17:30','',0,0,1,0,1,1,1,'朱涵威','2021-07-23 20:21:04','SYSTEM转正自动更新','2024-07-30 15:17:30'),(80,'徐大冲','001051','013619','320830199309271413',2,188,36,3,'18861826082',0,0,'170976fa8a7fe96615c','',1,'',1,0,'2021-07-23 20:31:39','2021-07-23 20:31:39','2022-01-23 00:00:00','1900-01-01 00:00:00',0,0,3,0.00,'09-27',0,0,0,'2027-08-30 15:17:30','',0,0,1,0,1,1,1,'朱涵威','2021-07-23 20:31:39','SYSTEM转正自动更新','2024-07-30 15:17:30'),(81,'赵晨浩','000032','000799','640202199306091018',2,5259,34,3,'18695204420',1,0,'160a3797c8eecdbd0d6','',1,'',1,0,'2021-07-23 20:33:57','2021-07-23 20:33:57','2022-01-23 00:00:00','1900-01-01 00:00:00',0,0,3,0.00,'06-09',5449,2,35,'2027-08-30 15:17:30','',0,0,1,0,1,1,1,'朱涵威','2021-07-23 20:33:57','SYSTEM转正自动更新','2024-07-30 15:17:30'),(82,'徐虎','002405','080905','321283199812170418',2,91,37,3,'17315111305',0,0,'1104a89793a40f6660c','',1,'',1,0,'2021-07-23 20:44:47','2021-07-23 20:44:47','2022-01-23 00:00:00','1900-01-01 00:00:00',0,0,3,0.00,'01-19',0,0,0,'2027-08-30 15:17:30','',0,0,1,0,1,1,1,'朱涵威','2021-07-23 20:44:47','SYSTEM转正自动更新','2024-07-30 15:17:30'),(313,'徐心怡','000437','010526','321323199902286341',2,254,37,4,'13182865318',0,0,'13065ffa4ec29cd5867','',1,'',2,1,'2021-07-24 11:56:58','2021-07-24 11:56:58','2022-01-24 00:00:00','2022-06-14 00:00:00',0,0,3,0.00,'02-28',0,0,0,'1900-01-01 00:00:00','',0,0,0,0,1,1,1,'朱涵威','2021-07-24 11:56:58','SYSTEM','2022-06-14 00:00:00'),(1167,'陈龙飞','002997','112128','320830199205176817',2,176,35,3,'18706172723',0,0,'13065ffa4f0bb6eaec9','',1,'https://oabucket-1253765789.cos.ap-shanghai.myqcloud.com/api/prod/3a600a184a62469d963430f066f2a715.png',1,0,'2021-07-29 13:16:12','2021-07-29 13:16:12','2022-01-29 00:00:00','1900-01-01 00:00:00',0,0,3,0.00,'05-17',0,0,0,'2027-08-30 15:17:47','',0,0,1,0,1,1,1,'朱涵威','2021-07-29 13:16:12','SYSTEM转正自动更新','2024-07-30 15:17:47'),(1692,'翁新生','003157','119732','321283197304033610',2,125,36,4,'18994720418',0,0,'120c83f760eece6cdc7','',1,'',1,2,'2021-09-02 15:18:10','2021-09-02 15:18:10','2022-03-02 00:00:00','2022-07-01 00:00:00',0,0,3,0.00,'05-14',0,0,0,'1900-01-01 00:00:00','',0,0,0,0,1,1,1,'SYSTEM','2021-09-02 15:18:10','SYSTEM','2022-07-01 00:00:00'),(1872,'许振伟','003277','128256','320282198407057372',2,6814,35,3,'13771372057',0,0,'1104a89793a037bc697','',1,'',1,0,'2021-10-09 16:18:11','2021-10-09 16:18:11','2022-04-09 00:00:00','1900-01-01 00:00:00',0,0,3,0.00,'07-05',0,0,0,'2027-08-30 15:17:49','',0,0,1,0,1,1,1,'SYSTEM','2021-10-09 16:18:11','SYSTEM转正自动更新','2024-07-30 15:17:49'),(2063,'张辉','003397','132927','320625196302213952',2,223,36,3,'13601659135',0,0,'170976fa8a4b2772c68','',1,'',1,0,'2021-11-15 14:45:36','2021-11-15 14:45:36','2022-05-15 00:00:00','1900-01-01 00:00:00',0,0,3,0.00,'02-21',0,0,0,'2026-07-01 21:20:47','',0,0,2,0,1,1,1,'SYSTEM','2021-11-15 14:45:36','万小林[000042]','2025-07-01 21:20:47'),(3076,'范秀江','004343','169027','510321200107267720',2,260,39,4,'13235265053',0,0,'1517bfd3f7317a38523','',1,'',2,2,'2022-03-08 16:14:47','2022-03-08 16:14:47','2022-09-08 00:00:00','2022-06-07 00:00:00',0,0,3,0.00,'07-26',0,0,0,'1900-01-01 00:00:00','',0,0,0,0,1,1,1,'SYSTEM','2022-03-08 16:14:47','SYSTEM','2022-06-07 00:00:00'),(3278,'杨俊虎','004540','000831','320682197808024536',2,53,35,3,'13912200623',0,0,'1104a897925fe21a996','',1,'',1,0,'2022-05-07 14:44:57','2022-05-07 14:44:57','2022-11-07 00:00:00','1900-01-01 00:00:00',0,0,3,0.00,'08-02',0,0,0,'2027-08-30 15:17:58','',0,0,1,0,1,1,1,'SYSTEM','2022-05-07 14:44:57','SYSTEM转正自动更新','2024-07-30 15:17:58'),(3456,'杨乙','004711','179506','510321199803027725',2,254,37,3,'13550833081',0,0,'190e35f7e1710813120','',1,'',2,0,'2022-06-20 17:20:34','2022-06-20 17:20:34','2022-12-20 00:00:00','1900-01-01 00:00:00',0,0,3,0.00,'03-02',0,0,0,'2027-08-30 15:17:58','',0,0,1,0,1,1,1,'SYSTEM','2022-06-20 17:20:34','吴孝辰[000019]','2024-07-30 15:17:58'),(3459,'李文杉','004714','179528','410926199803072017',2,56,37,4,'16650567375',0,0,'190e35f7e0bbc48faef','',1,'',1,1,'2022-06-20 20:52:02','2022-06-20 20:52:02','2022-12-20 00:00:00','2023-09-15 00:00:00',0,0,3,0.00,'03-07',0,0,0,'2025-07-20 20:52:33','',0,0,0,0,1,1,1,'SYSTEM','2022-06-20 20:52:02','SYSTEM','2023-09-15 00:00:00'),(3473,'陆珏','004725','179780','321183199010155819',2,59,36,3,'13861359171',0,0,'140fe1da9e53275b70f','',1,'',1,0,'2022-06-24 22:14:58','2022-06-24 22:14:58','2022-12-24 00:00:00','1900-01-01 00:00:00',0,0,3,0.00,'10-15',0,0,0,'2028-05-14 22:38:20','',0,0,1,0,1,1,1,'SYSTEM','2022-06-24 22:14:58','陆珏[004725]','2025-04-14 22:38:20'),(3489,'李超','004740','180320','320283199207025975',2,151,37,4,'13395103660',0,0,'1a1018970a5fa786f45','',0,'',1,1,'2022-06-29 09:23:10','2022-06-29 09:23:10','2022-12-29 00:00:00','2023-09-28 00:00:00',0,0,3,0.00,'07-02',0,0,0,'2025-07-29 09:23:42','',0,0,0,0,1,1,1,'SYSTEM','2022-06-29 09:23:10','SYSTEM','2023-09-28 00:00:00'),(3872,'朱晓康','005102','190887','342401199702196933',2,137,37,4,'15261829858',0,0,'1a1018970a437828bb6','',1,'',1,1,'2022-10-10 08:21:54','2022-10-10 08:21:54','2023-04-10 00:00:00','2024-04-12 00:00:00',0,0,3,0.00,'02-19',0,0,0,'2025-11-10 08:22:29','',0,0,0,0,1,1,1,'SYSTEM','2022-10-10 08:21:54','SYSTEM','2024-04-12 00:00:00'),(3878,'余登洋','005108','191010','342426200009175416',2,87,37,3,'18362079939',2,0,'101d855909a0507e16b','',1,'',1,0,'2022-10-13 19:44:50','2022-10-13 19:44:50','2023-04-13 00:00:00','1900-01-01 00:00:00',0,0,3,0.00,'09-17',0,0,0,'2027-08-30 15:18:01','',0,0,1,0,1,1,1,'SYSTEM','2022-10-13 19:44:50','SYSTEM转正自动更新','2024-07-30 15:18:01'),(3882,'吴倩琪','005112','191026','341022199504200726',2,246,38,3,'15755109357',2,0,'101d85590870c53086e','',1,'',2,0,'2022-10-14 09:24:21','2022-10-14 09:24:21','2023-04-14 00:00:00','1900-01-01 00:00:00',0,0,3,0.00,'04-20',0,0,0,'2027-08-30 15:18:01','',0,0,1,0,1,1,1,'SYSTEM','2022-10-14 09:24:21','吴孝辰[000019]','2024-07-30 15:18:01'),(3893,'辛炜','005123','191277','321283198711203212',2,4741,36,3,'13812118081',2,0,'191e35f7e0a3aa00c52','',1,'',1,0,'2022-10-20 20:36:59','2022-10-20 20:36:59','2023-04-20 00:00:00','1900-01-01 00:00:00',0,0,3,0.00,'11-20',0,0,0,'2027-08-30 15:18:01','',0,0,1,0,1,1,1,'SYSTEM','2022-10-20 20:36:59','SYSTEM转正自动更新','2024-07-30 15:18:01'),(4243,'颜静','005459','197833','321023199008154233',2,236,37,4,'15895085239',2,0,'170976fa8a6e0153437','',1,'',1,1,'2023-03-01 11:26:16','2023-03-01 11:26:16','2023-09-01 00:00:00','2025-02-20 00:00:00',0,0,3,0.00,'08-15',0,0,0,'2027-08-30 15:18:04','000014',0,0,1,0,1,1,1,'SYSTEM','2023-03-01 11:26:16','SYSTEM','2025-02-20 00:00:00'),(4472,'闫义','005684','200399','370112199005072915',2,140,36,3,'18552129020',0,0,'160a3797c915248572e','',1,'',1,0,'2023-06-26 21:21:17','2023-06-26 21:21:17','2023-12-26 00:00:00','1900-01-01 00:00:00',0,0,3,0.00,'05-07',0,0,0,'2027-08-30 15:17:59','004540',0,0,3,0,1,1,1,'SYSTEM','2023-06-26 21:21:17','孙波[000077]','2024-07-30 15:17:59'),(4590,'吴月','005797','201133','320282200301052864',2,258,37,3,'13255224975',0,0,'191e35f7e15a95dc0fc','',1,'',2,0,'2023-07-25 15:36:10','2023-07-25 15:36:10','2024-01-25 00:00:00','1900-01-01 00:00:00',0,0,3,0.00,'01-05',0,0,0,'2028-01-03 15:29:35','000120',0,0,1,0,1,1,1,'SYSTEM','2023-07-25 15:36:10','吴月[005797]','2024-12-03 15:29:35'),(4715,'王杰','005918','202176','321281199903125812',2,150,36,3,'18914444250',1,0,'141fe1da9f983275fcc','',1,'https://oabucket-1253765789.cos.ap-shanghai.myqcloud.com/api/prod/2a4614f442cc43b4b56a573292b7ba87.png',1,0,'2023-09-20 09:00:29','2023-09-20 09:00:29','2024-03-20 00:00:00','1900-01-01 00:00:00',0,0,3,0.00,'03-12',0,0,0,'2027-08-30 15:18:07','000270',0,0,1,0,1,1,1,'SYSTEM','2023-09-20 09:00:29','SYSTEM转正自动更新','2024-07-30 15:18:07'),(4717,'张世杰','005920','202179','320125199910253313',2,62,39,4,'18899613265',0,0,'1a0018970bbfc18d6d0','',1,'',1,1,'2023-09-20 10:41:10','2023-09-20 10:41:10','2024-03-20 00:00:00','2025-02-28 00:00:00',0,0,3,0.00,'10-25',0,0,0,'2027-08-30 15:18:07','003277',0,0,3,0,1,1,1,'SYSTEM','2023-09-20 10:41:10','SYSTEM','2025-02-28 00:00:00'),(4816,'蒋佳雪','006017','203029','350301199704091427',2,249,37,3,'13901546220',0,0,'1517bfd3f6c84716707','',1,'https://oabucket-1253765789.cos.ap-shanghai.myqcloud.com/api/prod/128c9af9bc2947eda26a7fe2bac97677.png',2,0,'2023-11-02 15:16:50','2023-11-02 15:16:50','2024-05-02 00:00:00','1900-01-01 00:00:00',0,0,3,0.00,'04-09',0,0,0,'2027-08-30 15:18:09','000016',0,0,1,0,1,1,1,'SYSTEM','2023-11-02 15:16:50','SYSTEM转正自动更新','2024-07-30 15:18:09'),(5469,'吴玉银','006663','208950','321281199107304692',2,6641,37,4,'13405546963',0,0,'140fe1da9fae3194904','',1,'',1,1,'2024-03-13 08:49:24','2024-03-13 08:49:24','2024-09-13 00:00:00','2025-02-27 00:00:00',0,0,3,0.00,'07-30',0,0,0,'2027-08-30 15:18:17','000270',0,0,1,0,1,1,1,'SYSTEM','2024-03-13 08:49:24','SYSTEM','2025-02-27 00:00:00'),(5592,'邹晖','006786','212731','321181198610242097',2,125,36,4,'13775549338',0,0,'','',1,'',1,1,'2024-04-09 19:00:32','2024-04-09 19:00:32','2024-10-09 00:00:00','2025-03-07 00:00:00',0,0,3,0.00,'10-24',0,0,0,'2027-08-30 15:18:19','000032',0,0,1,0,1,1,1,'SYSTEM','2024-04-09 19:00:32','SYSTEM','2025-03-07 00:00:00'),(5621,'程灯红','006815','213082','340827199305265214',2,6812,37,3,'15255645906',2,0,'121c83f7612bf6b0798','',1,'',1,0,'2024-04-15 15:02:04','2024-04-15 15:02:04','2024-10-15 00:00:00','1900-01-01 00:00:00',0,0,3,0.00,'05-26',0,0,0,'2027-08-30 15:18:20','000014',0,0,1,0,1,1,1,'SYSTEM','2024-04-15 15:02:04','SYSTEM转正自动更新','2024-10-15 08:00:00'),(5754,'崔双双','006947','215765','320683199011180211',2,6919,36,3,'18550171136',0,0,'100d85590874daae335','',1,'',1,0,'2024-05-16 14:14:35','2024-05-16 14:14:35','2024-11-16 00:00:00','1900-01-01 00:00:00',0,0,3,0.00,'11-18',0,0,0,'2027-08-30 15:18:23','003277',0,0,1,0,1,1,1,'SYSTEM','2024-05-16 14:14:35','SYSTEM转正自动更新','2024-11-16 08:00:00'),(5771,'储钰','006964','216078','320282199911015862',2,255,38,4,'15952493295',0,0,'1104a89793a27e0f37f','',1,'',2,1,'2024-05-21 16:33:38','2024-05-21 16:33:38','2024-11-21 00:00:00','2024-12-11 00:00:00',0,0,3,0.00,'11-01',0,0,0,'2027-08-30 15:18:23','000016',0,0,1,0,1,1,1,'SYSTEM','2024-05-21 16:33:38','SYSTEM','2024-12-11 00:00:00'),(5831,'金冬进','007024','218300','320581198701084232',2,6948,37,3,'13776217718',2,0,'18171adc02062013494','',1,'',1,0,'2024-06-13 17:29:46','2024-06-13 17:29:46','2024-12-13 00:00:00','1900-01-01 00:00:00',0,0,3,0.00,'01-08',0,0,0,'2027-08-30 15:18:25','000270',0,0,1,0,1,1,1,'SYSTEM','2024-06-13 17:29:46','SYSTEM转正自动更新','2024-12-13 08:00:00'),(5999,'刘河荷','007192','222166','140221200203157981',2,201,39,4,'18835209742',0,0,'141fe1da9fa2b451e9f','',1,'',2,1,'2024-08-07 17:11:14','2024-08-07 17:11:14','2025-02-07 00:00:00','2025-01-22 00:00:00',0,0,3,0.00,'03-15',0,0,0,'2027-09-07 17:13:33','000096',0,0,1,0,1,1,1,'SYSTEM','2024-08-07 17:11:14','SYSTEM','2025-01-22 00:00:00'),(7520,'吴琦','008707','255173','230221200112111445',2,260,39,2,'13771229637',0,0,'171976fa8baecfffe4b','',1,'https://oabucket-1253765789.cos.ap-shanghai.myqcloud.com/api/prod/09eec4b69297472eac01c573a852fbfd.png',2,0,'2025-11-05 08:53:42','2025-11-05 08:53:42','2026-05-05 00:00:00','1900-01-01 00:00:00',0,0,3,0.00,'12-11',0,0,0,'2028-12-05 08:57:28','000016',0,0,1,0,1,1,1,'SYSTEM','2025-11-05 08:53:42','吴琦[008707]','2025-11-25 20:07:06');
/*!40000 ALTER TABLE `oa_employee_primary` ENABLE KEYS */;
UNLOCK TABLES;

--
-- Table structure for table `oa_rank`
--

DROP TABLE IF EXISTS `oa_rank`;
/*!40101 SET @saved_cs_client     = @@character_set_client */;
/*!50503 SET character_set_client = utf8mb4 */;
CREATE TABLE `oa_rank` (
  `id` bigint NOT NULL AUTO_INCREMENT COMMENT '主键ID',
  `rank_name` varchar(50) DEFAULT '' COMMENT '职级名称',
  `rank_code` varchar(50) DEFAULT '' COMMENT '职级代码',
  `rank_description` varchar(255) DEFAULT '' COMMENT '职级描述',
  `node_penalty` int DEFAULT '0' COMMENT '节点处罚',
  `order_no` int DEFAULT '0' COMMENT '排序号',
  `rank_level` varchar(10) DEFAULT '' COMMENT '职级等级',
  `real_flag` tinyint(1) DEFAULT '1' COMMENT '真实标志',
  `hotel_standard` decimal(10,2) DEFAULT '0.00' COMMENT '酒店标准',
  `meal_standard` decimal(10,2) DEFAULT '0.00' COMMENT '餐费标准',
  `salary_from` decimal(10,2) DEFAULT '0.00' COMMENT '薪资范围-起始',
  `salary_to` decimal(10,2) DEFAULT '0.00' COMMENT '薪资范围-结束',
  `enable` tinyint(1) DEFAULT '1' COMMENT '启用状态',
  `gmt_create_by` varchar(64) DEFAULT '' COMMENT '创建人',
  `gmt_create_time` datetime DEFAULT NULL COMMENT '创建时间',
  `gmt_modify_by` varchar(64) DEFAULT '' COMMENT '修改人',
  `gmt_modify_time` datetime DEFAULT NULL COMMENT '修改时间',
  PRIMARY KEY (`id`),
  KEY `idx_rank_code` (`rank_code`)
) ENGINE=InnoDB AUTO_INCREMENT=40 DEFAULT CHARSET=utf8mb4 COLLATE=utf8mb4_0900_ai_ci COMMENT='职级表';
/*!40101 SET character_set_client = @saved_cs_client */;

--
-- Dumping data for table `oa_rank`
--

LOCK TABLES `oa_rank` WRITE;
/*!40000 ALTER TABLE `oa_rank` DISABLE KEYS */;
INSERT INTO `oa_rank` VALUES (31,'董事长','CHAIRMAN','公司董事长',0,0,'P9',1,400.00,110.00,40100.00,100000.00,1,'','2023-02-28 09:58:53','吴亚军[000055]','2023-09-04 18:24:06'),(32,'总裁','PRESIDENT','公司总裁',750,100,'P8',1,400.00,110.00,30100.00,40000.00,1,'赵玮[000001]','2020-04-27 08:41:30','吴亚军[000055]','2023-09-04 18:24:01'),(33,'总经理','GENERAL_MANAGER','中心',600,200,'P7',1,400.00,110.00,22900.00,30000.00,1,'赵玮[000001]','2020-04-27 08:42:00','吴亚军[000055]','2023-09-04 18:23:54'),(34,'总监','CHIEF_INSPECTOR','条线',350,300,'P6',1,400.00,110.00,16200.00,22800.00,1,'赵玮[000001]','2020-04-27 08:43:02','吴亚军[000055]','2023-09-04 18:23:48'),(35,'经理','MANAGER','区域',160,400,'P5',1,400.00,110.00,10500.00,16100.00,1,'赵玮[000001]','2020-04-27 08:45:15','吴亚军[000055]','2023-09-04 18:23:42'),(36,'总管','GENERAL_SUPERVISOR','部门',85,500,'P4',1,300.00,80.00,6900.00,10400.00,1,'赵玮[000001]','2020-04-27 08:45:38','吴亚军[000055]','2023-09-04 18:23:13'),(37,'主管','SUPERVISOR','分部',45,600,'P3',1,300.00,80.00,5500.00,6800.00,1,'赵玮[000001]','2020-04-27 08:46:10','吴亚军[000055]','2023-09-04 18:23:08'),(38,'组长','TEAM_LEADER','小组',30,700,'P2',1,250.00,50.00,4900.00,5400.00,1,'赵玮[000001]','2020-04-27 08:46:46','吴亚军[000055]','2023-09-04 18:22:54'),(39,'专员','ASSISTANT','个人',20,800,'P1',1,250.00,50.00,3000.00,4800.00,1,'赵玮[000001]','2020-04-27 08:47:09','吴亚军[000055]','2023-09-04 18:22:46');
/*!40000 ALTER TABLE `oa_rank` ENABLE KEYS */;
UNLOCK TABLES;

--
-- Table structure for table `proj_stage`
--

DROP TABLE IF EXISTS `proj_stage`;
/*!40101 SET @saved_cs_client     = @@character_set_client */;
/*!50503 SET character_set_client = utf8mb4 */;
CREATE TABLE `proj_stage` (
  `stage_id` bigint NOT NULL AUTO_INCREMENT COMMENT '阶段ID（主键，自增）',
  `project_id` bigint NOT NULL COMMENT '所属项目ID',
  `name` varchar(200) NOT NULL COMMENT '阶段名称',
  `start_time` date DEFAULT NULL,
  `end_time` date DEFAULT NULL,
  `duration` int DEFAULT NULL COMMENT '持续天数',
  `predecessor_stages` text COMMENT '前置阶段ID列表（JSON格式）',
  `successor_stages` text COMMENT '后置阶段ID列表（JSON格式）',
  `position` text COMMENT '阶段位置信息（JSON格式，包含x、y、height等）',
  `enable` char(1) CHARACTER SET utf8mb4 COLLATE utf8mb4_0900_ai_ci NOT NULL DEFAULT '0' COMMENT '有效性（1有效 0无效，用于软删除）',
  `create_by` varchar(64) DEFAULT '''''' COMMENT '创建者',
  `create_time` datetime DEFAULT NULL COMMENT '创建时间',
  `update_by` varchar(64) DEFAULT '''''' COMMENT '更新者',
  `update_time` datetime DEFAULT NULL COMMENT '更新时间',
  `remark` varchar(500) DEFAULT NULL COMMENT '备注',
  PRIMARY KEY (`stage_id`),
  KEY `idx_proj_stage_project_enable` (`project_id`,`enable`),
  KEY `idx_proj_stage_project_id` (`project_id`)
) ENGINE=InnoDB DEFAULT CHARSET=utf8mb4 COLLATE=utf8mb4_0900_ai_ci COMMENT='项目阶段表';
/*!40101 SET character_set_client = @saved_cs_client */;

--
-- Dumping data for table `proj_stage`
--

LOCK TABLES `proj_stage` WRITE;
/*!40000 ALTER TABLE `proj_stage` DISABLE KEYS */;
/*!40000 ALTER TABLE `proj_stage` ENABLE KEYS */;
UNLOCK TABLES;

--
-- Table structure for table `proj_task`
--

DROP TABLE IF EXISTS `proj_task`;
/*!40101 SET @saved_cs_client     = @@character_set_client */;
/*!50503 SET character_set_client = utf8mb4 */;
CREATE TABLE `proj_task` (
  `task_id` bigint NOT NULL AUTO_INCREMENT COMMENT '任务ID（主键，自增）',
  `project_id` bigint NOT NULL COMMENT '所属项目ID',
  `stage_id` bigint DEFAULT NULL COMMENT '所属阶段ID（可为空，表示未归属阶段）',
  `name` varchar(200) NOT NULL COMMENT '任务名称',
  `description` text COMMENT '任务描述',
  `start_time` date DEFAULT NULL,
  `end_time` date DEFAULT NULL,
  `duration` int DEFAULT NULL COMMENT '持续天数',
  `job_number` varchar(64) DEFAULT NULL COMMENT '负责人工号',
  `approval_type` varchar(32) CHARACTER SET utf8mb4 COLLATE utf8mb4_0900_ai_ci DEFAULT NULL COMMENT '审批模式（specified-指定编制审批，sequential-逐级审批）',
  `predecessor_tasks` text COMMENT '前置任务ID列表（JSON格式）',
  `successor_tasks` text COMMENT '后置任务ID列表（JSON格式）',
  `position` text COMMENT '任务位置信息（JSON格式，包含x、y等）',
  `enable` char(1) CHARACTER SET utf8mb4 COLLATE utf8mb4_0900_ai_ci NOT NULL DEFAULT '0' COMMENT '有效性（1有效 0无效，用于软删除）',
  `create_by` varchar(64) DEFAULT '''''' COMMENT '创建者',
  `create_time` datetime DEFAULT NULL COMMENT '创建时间',
  `update_by` varchar(64) DEFAULT '''''' COMMENT '更新者',
  `update_time` datetime DEFAULT NULL COMMENT '更新时间',
  `remark` varchar(500) DEFAULT NULL COMMENT '备注',
  `approval_nodes` text COMMENT '审批节点数组（JSON格式，存储编制ID列表，oa_department.id）',
  PRIMARY KEY (`task_id`),
  KEY `idx_proj_task_project_id` (`project_id`),
  KEY `idx_proj_task_project_enable` (`project_id`,`enable`),
  KEY `idx_proj_task_stage_id` (`stage_id`)
) ENGINE=InnoDB AUTO_INCREMENT=2 DEFAULT CHARSET=utf8mb4 COLLATE=utf8mb4_0900_ai_ci COMMENT='项目任务表';
/*!40101 SET character_set_client = @saved_cs_client */;

--
-- Dumping data for table `proj_task`
--

LOCK TABLES `proj_task` WRITE;
/*!40000 ALTER TABLE `proj_task` DISABLE KEYS */;
INSERT INTO `proj_task` VALUES (1,1,NULL,'新任务','',NULL,NULL,1,NULL,'sequential',NULL,NULL,'{\"x\": 392, \"y\": 272}','1','admin','2026-01-14 10:27:44','admin','2026-01-14 10:27:44',NULL,NULL);
/*!40000 ALTER TABLE `proj_task` ENABLE KEYS */;
UNLOCK TABLES;

--
-- Table structure for table `sys_config`
--

DROP TABLE IF EXISTS `sys_config`;
/*!40101 SET @saved_cs_client     = @@character_set_client */;
/*!50503 SET character_set_client = utf8mb4 */;
CREATE TABLE `sys_config` (
  `config_id` int NOT NULL AUTO_INCREMENT COMMENT '参数主键',
  `config_name` varchar(100) DEFAULT '' COMMENT '参数名称',
  `config_key` varchar(100) DEFAULT '' COMMENT '参数键名',
  `config_value` varchar(500) DEFAULT '' COMMENT '参数键值',
  `config_type` char(1) DEFAULT 'N' COMMENT '系统内置（Y是 N否）',
  `create_by` varchar(64) DEFAULT '' COMMENT '创建者',
  `create_time` datetime DEFAULT NULL COMMENT '创建时间',
  `update_by` varchar(64) DEFAULT '' COMMENT '更新者',
  `update_time` datetime DEFAULT NULL COMMENT '更新时间',
  `remark` varchar(500) DEFAULT NULL COMMENT '备注',
  PRIMARY KEY (`config_id`)
) ENGINE=InnoDB AUTO_INCREMENT=100 DEFAULT CHARSET=utf8mb4 COLLATE=utf8mb4_0900_ai_ci COMMENT='参数配置表';
/*!40101 SET character_set_client = @saved_cs_client */;

--
-- Dumping data for table `sys_config`
--

LOCK TABLES `sys_config` WRITE;
/*!40000 ALTER TABLE `sys_config` DISABLE KEYS */;
INSERT INTO `sys_config` VALUES (1,'主框架页-默认皮肤样式名称','sys.index.skinName','skin-blue','Y','admin','2025-10-16 10:32:52','',NULL,'蓝色 skin-blue、绿色 skin-green、紫色 skin-purple、红色 skin-red、黄色 skin-yellow'),(2,'用户管理-账号初始密码','sys.user.initPassword','123456','Y','admin','2025-10-16 10:32:52','',NULL,'初始化密码 123456'),(3,'主框架页-侧边栏主题','sys.index.sideTheme','theme-dark','Y','admin','2025-10-16 10:32:52','',NULL,'深色主题theme-dark，浅色主题theme-light'),(4,'账号自助-验证码开关','sys.account.captchaEnabled','true','Y','admin','2025-10-16 10:32:52','',NULL,'是否开启验证码功能（true开启，false关闭）'),(5,'账号自助-是否开启用户注册功能','sys.account.registerUser','false','Y','admin','2025-10-16 10:32:52','',NULL,'是否开启注册用户功能（true开启，false关闭）'),(6,'用户登录-黑名单列表','sys.login.blackIPList','','Y','admin','2025-10-16 10:32:52','',NULL,'设置登录IP黑名单限制，多个匹配项以;分隔，支持匹配（*通配、网段）'),(7,'用户管理-初始密码修改策略','sys.account.initPasswordModify','1','Y','admin','2025-10-16 10:32:52','',NULL,'0：初始密码修改策略关闭，没有任何提示，1：提醒用户，如果未修改初始密码，则在登录时就会提醒修改密码对话框'),(8,'用户管理-账号密码更新周期','sys.account.passwordValidateDays','0','Y','admin','2025-10-16 10:32:52','',NULL,'密码更新周期（填写数字，数据初始化值为0不限制，若修改必须为大于0小于365的正整数），如果超过这个周期登录系统时，则在登录时就会提醒修改密码对话框');
/*!40000 ALTER TABLE `sys_config` ENABLE KEYS */;
UNLOCK TABLES;

--
-- Table structure for table `sys_dict_data`
--

DROP TABLE IF EXISTS `sys_dict_data`;
/*!40101 SET @saved_cs_client     = @@character_set_client */;
/*!50503 SET character_set_client = utf8mb4 */;
CREATE TABLE `sys_dict_data` (
  `dict_code` bigint NOT NULL AUTO_INCREMENT COMMENT '字典编码',
  `dict_sort` int DEFAULT '0' COMMENT '字典排序',
  `dict_label` varchar(100) DEFAULT '' COMMENT '字典标签',
  `dict_value` varchar(100) DEFAULT '' COMMENT '字典键值',
  `dict_type` varchar(100) DEFAULT '' COMMENT '字典类型',
  `css_class` varchar(100) DEFAULT NULL COMMENT '样式属性（其他样式扩展）',
  `list_class` varchar(100) DEFAULT NULL COMMENT '表格回显样式',
  `is_default` char(1) DEFAULT 'N' COMMENT '是否默认（Y是 N否）',
  `status` char(1) DEFAULT '0' COMMENT '状态（0正常 1停用）',
  `create_by` varchar(64) DEFAULT '' COMMENT '创建者',
  `create_time` datetime DEFAULT NULL COMMENT '创建时间',
  `update_by` varchar(64) DEFAULT '' COMMENT '更新者',
  `update_time` datetime DEFAULT NULL COMMENT '更新时间',
  `remark` varchar(500) DEFAULT NULL COMMENT '备注',
  PRIMARY KEY (`dict_code`)
) ENGINE=InnoDB AUTO_INCREMENT=105 DEFAULT CHARSET=utf8mb4 COLLATE=utf8mb4_0900_ai_ci COMMENT='字典数据表';
/*!40101 SET character_set_client = @saved_cs_client */;

--
-- Dumping data for table `sys_dict_data`
--

LOCK TABLES `sys_dict_data` WRITE;
/*!40000 ALTER TABLE `sys_dict_data` DISABLE KEYS */;
INSERT INTO `sys_dict_data` VALUES (1,1,'男','0','sys_user_sex','','','Y','0','admin','2025-10-16 10:32:52','',NULL,'性别男'),(2,2,'女','1','sys_user_sex','','','N','0','admin','2025-10-16 10:32:52','',NULL,'性别女'),(3,3,'未知','2','sys_user_sex','','','N','0','admin','2025-10-16 10:32:52','',NULL,'性别未知'),(4,1,'显示','0','sys_show_hide','','primary','Y','0','admin','2025-10-16 10:32:52','',NULL,'显示菜单'),(5,2,'隐藏','1','sys_show_hide','','danger','N','0','admin','2025-10-16 10:32:52','',NULL,'隐藏菜单'),(6,1,'正常','0','sys_normal_disable','','primary','Y','0','admin','2025-10-16 10:32:52','',NULL,'正常状态'),(7,2,'停用','1','sys_normal_disable','','danger','N','0','admin','2025-10-16 10:32:52','',NULL,'停用状态'),(8,1,'正常','0','sys_job_status','','primary','Y','0','admin','2025-10-16 10:32:52','',NULL,'正常状态'),(9,2,'暂停','1','sys_job_status','','danger','N','0','admin','2025-10-16 10:32:52','',NULL,'停用状态'),(10,1,'默认','default','sys_job_group','','','Y','0','admin','2025-10-16 10:32:52','',NULL,'默认分组'),(11,2,'数据库','sqlalchemy','sys_job_group','','','N','0','admin','2025-10-16 10:32:52','',NULL,'数据库分组'),(12,3,'redis','redis','sys_job_group','','','N','0','admin','2025-10-16 10:32:52','',NULL,'reids分组'),(13,1,'默认','default','sys_job_executor','','','N','0','admin','2025-10-16 10:32:52','',NULL,'线程池'),(14,2,'进程池','processpool','sys_job_executor','','','N','0','admin','2025-10-16 10:32:52','',NULL,'进程池'),(15,1,'是','Y','sys_yes_no','','primary','Y','0','admin','2025-10-16 10:32:52','',NULL,'系统默认是'),(16,2,'否','N','sys_yes_no','','danger','N','0','admin','2025-10-16 10:32:52','',NULL,'系统默认否'),(17,1,'通知','1','sys_notice_type','','warning','Y','0','admin','2025-10-16 10:32:52','',NULL,'通知'),(18,2,'公告','2','sys_notice_type','','success','N','0','admin','2025-10-16 10:32:52','',NULL,'公告'),(19,1,'正常','0','sys_notice_status','','primary','Y','0','admin','2025-10-16 10:32:52','',NULL,'正常状态'),(20,2,'关闭','1','sys_notice_status','','danger','N','0','admin','2025-10-16 10:32:52','',NULL,'关闭状态'),(21,99,'其他','0','sys_oper_type','','info','N','0','admin','2025-10-16 10:32:52','',NULL,'其他操作'),(22,1,'新增','1','sys_oper_type','','info','N','0','admin','2025-10-16 10:32:52','',NULL,'新增操作'),(23,2,'修改','2','sys_oper_type','','info','N','0','admin','2025-10-16 10:32:52','',NULL,'修改操作'),(24,3,'删除','3','sys_oper_type','','danger','N','0','admin','2025-10-16 10:32:52','',NULL,'删除操作'),(25,4,'授权','4','sys_oper_type','','primary','N','0','admin','2025-10-16 10:32:52','',NULL,'授权操作'),(26,5,'导出','5','sys_oper_type','','warning','N','0','admin','2025-10-16 10:32:52','',NULL,'导出操作'),(27,6,'导入','6','sys_oper_type','','warning','N','0','admin','2025-10-16 10:32:52','',NULL,'导入操作'),(28,7,'强退','7','sys_oper_type','','danger','N','0','admin','2025-10-16 10:32:52','',NULL,'强退操作'),(29,8,'生成代码','8','sys_oper_type','','warning','N','0','admin','2025-10-16 10:32:52','',NULL,'生成操作'),(30,9,'清空数据','9','sys_oper_type','','danger','N','0','admin','2025-10-16 10:32:52','',NULL,'清空操作'),(31,1,'成功','0','sys_common_status','','primary','N','0','admin','2025-10-16 10:32:52','',NULL,'正常状态'),(32,2,'失败','1','sys_common_status','','danger','N','0','admin','2025-10-16 10:32:52','',NULL,'停用状态'),(100,0,'丹北','1','sys_task_project',NULL,'default','N','0','admin','2025-11-24 10:28:11','admin','2025-11-24 10:56:46',NULL),(101,1,'周铁','2','sys_task_project',NULL,'default','N','0','admin','2025-11-24 10:28:24','admin','2025-11-24 10:56:52',NULL),(102,2,'官林','3','sys_task_project',NULL,'default','N','0','admin','2025-11-24 10:28:36','admin','2025-11-24 10:56:56',NULL),(103,3,'黄桥','4','sys_task_project',NULL,'default','N','0','admin','2025-11-24 10:28:44','admin','2025-11-24 10:57:01',NULL);
/*!40000 ALTER TABLE `sys_dict_data` ENABLE KEYS */;
UNLOCK TABLES;

--
-- Table structure for table `sys_dict_type`
--

DROP TABLE IF EXISTS `sys_dict_type`;
/*!40101 SET @saved_cs_client     = @@character_set_client */;
/*!50503 SET character_set_client = utf8mb4 */;
CREATE TABLE `sys_dict_type` (
  `dict_id` bigint NOT NULL AUTO_INCREMENT COMMENT '字典主键',
  `dict_name` varchar(100) DEFAULT '' COMMENT '字典名称',
  `dict_type` varchar(100) DEFAULT '' COMMENT '字典类型',
  `status` char(1) DEFAULT '0' COMMENT '状态（0正常 1停用）',
  `create_by` varchar(64) DEFAULT '' COMMENT '创建者',
  `create_time` datetime DEFAULT NULL COMMENT '创建时间',
  `update_by` varchar(64) DEFAULT '' COMMENT '更新者',
  `update_time` datetime DEFAULT NULL COMMENT '更新时间',
  `remark` varchar(500) DEFAULT NULL COMMENT '备注',
  PRIMARY KEY (`dict_id`),
  UNIQUE KEY `dict_type` (`dict_type`)
) ENGINE=InnoDB AUTO_INCREMENT=101 DEFAULT CHARSET=utf8mb4 COLLATE=utf8mb4_0900_ai_ci COMMENT='字典类型表';
/*!40101 SET character_set_client = @saved_cs_client */;

--
-- Dumping data for table `sys_dict_type`
--

LOCK TABLES `sys_dict_type` WRITE;
/*!40000 ALTER TABLE `sys_dict_type` DISABLE KEYS */;
INSERT INTO `sys_dict_type` VALUES (1,'用户性别','sys_user_sex','0','admin','2025-10-16 10:32:52','',NULL,'用户性别列表'),(2,'菜单状态','sys_show_hide','0','admin','2025-10-16 10:32:52','',NULL,'菜单状态列表'),(3,'系统开关','sys_normal_disable','0','admin','2025-10-16 10:32:52','',NULL,'系统开关列表'),(4,'任务状态','sys_job_status','0','admin','2025-10-16 10:32:52','',NULL,'任务状态列表'),(5,'任务分组','sys_job_group','0','admin','2025-10-16 10:32:52','',NULL,'任务分组列表'),(6,'任务执行器','sys_job_executor','0','admin','2025-10-16 10:32:52','',NULL,'任务执行器列表'),(7,'系统是否','sys_yes_no','0','admin','2025-10-16 10:32:52','',NULL,'系统是否列表'),(8,'通知类型','sys_notice_type','0','admin','2025-10-16 10:32:52','',NULL,'通知类型列表'),(9,'通知状态','sys_notice_status','0','admin','2025-10-16 10:32:52','',NULL,'通知状态列表'),(10,'操作类型','sys_oper_type','0','admin','2025-10-16 10:32:52','',NULL,'操作类型列表'),(11,'系统状态','sys_common_status','0','admin','2025-10-16 10:32:52','',NULL,'登录状态列表'),(100,'项目','sys_task_project','0','admin','2025-11-24 10:27:39','admin','2025-11-24 10:27:39','项目列表');
/*!40000 ALTER TABLE `sys_dict_type` ENABLE KEYS */;
UNLOCK TABLES;

--
-- Table structure for table `sys_job`
--

DROP TABLE IF EXISTS `sys_job`;
/*!40101 SET @saved_cs_client     = @@character_set_client */;
/*!50503 SET character_set_client = utf8mb4 */;
CREATE TABLE `sys_job` (
  `job_id` bigint NOT NULL AUTO_INCREMENT COMMENT '任务ID',
  `job_name` varchar(64) NOT NULL DEFAULT '' COMMENT '任务名称',
  `job_group` varchar(64) NOT NULL DEFAULT 'default' COMMENT '任务组名',
  `job_executor` varchar(64) DEFAULT 'default' COMMENT '任务执行器',
  `invoke_target` varchar(500) NOT NULL COMMENT '调用目标字符串',
  `job_args` varchar(255) DEFAULT '' COMMENT '位置参数',
  `job_kwargs` varchar(255) DEFAULT '' COMMENT '关键字参数',
  `cron_expression` varchar(255) DEFAULT '' COMMENT 'cron执行表达式',
  `misfire_policy` varchar(20) DEFAULT '3' COMMENT '计划执行错误策略（1立即执行 2执行一次 3放弃执行）',
  `concurrent` char(1) DEFAULT '1' COMMENT '是否并发执行（0允许 1禁止）',
  `status` char(1) DEFAULT '0' COMMENT '状态（0正常 1暂停）',
  `create_by` varchar(64) DEFAULT '' COMMENT '创建者',
  `create_time` datetime DEFAULT NULL COMMENT '创建时间',
  `update_by` varchar(64) DEFAULT '' COMMENT '更新者',
  `update_time` datetime DEFAULT NULL COMMENT '更新时间',
  `remark` varchar(500) DEFAULT '' COMMENT '备注信息',
  PRIMARY KEY (`job_id`,`job_name`,`job_group`)
) ENGINE=InnoDB DEFAULT CHARSET=utf8mb4 COLLATE=utf8mb4_0900_ai_ci COMMENT='定时任务调度表';
/*!40101 SET character_set_client = @saved_cs_client */;

--
-- Dumping data for table `sys_job`
--

LOCK TABLES `sys_job` WRITE;
/*!40000 ALTER TABLE `sys_job` DISABLE KEYS */;
/*!40000 ALTER TABLE `sys_job` ENABLE KEYS */;
UNLOCK TABLES;

--
-- Table structure for table `sys_job_log`
--

DROP TABLE IF EXISTS `sys_job_log`;
/*!40101 SET @saved_cs_client     = @@character_set_client */;
/*!50503 SET character_set_client = utf8mb4 */;
CREATE TABLE `sys_job_log` (
  `job_log_id` bigint NOT NULL AUTO_INCREMENT COMMENT '任务日志ID',
  `job_name` varchar(64) NOT NULL COMMENT '任务名称',
  `job_group` varchar(64) NOT NULL COMMENT '任务组名',
  `job_executor` varchar(64) NOT NULL COMMENT '任务执行器',
  `invoke_target` varchar(500) NOT NULL COMMENT '调用目标字符串',
  `job_args` varchar(255) DEFAULT '' COMMENT '位置参数',
  `job_kwargs` varchar(255) DEFAULT '' COMMENT '关键字参数',
  `job_trigger` varchar(255) DEFAULT '' COMMENT '任务触发器',
  `job_message` varchar(500) DEFAULT NULL COMMENT '日志信息',
  `status` char(1) DEFAULT '0' COMMENT '执行状态（0正常 1失败）',
  `exception_info` varchar(2000) DEFAULT '' COMMENT '异常信息',
  `create_time` datetime DEFAULT NULL COMMENT '创建时间',
  PRIMARY KEY (`job_log_id`)
) ENGINE=InnoDB DEFAULT CHARSET=utf8mb4 COLLATE=utf8mb4_0900_ai_ci COMMENT='定时任务调度日志表';
/*!40101 SET character_set_client = @saved_cs_client */;

--
-- Dumping data for table `sys_job_log`
--

LOCK TABLES `sys_job_log` WRITE;
/*!40000 ALTER TABLE `sys_job_log` DISABLE KEYS */;
/*!40000 ALTER TABLE `sys_job_log` ENABLE KEYS */;
UNLOCK TABLES;

--
-- Table structure for table `sys_logininfor`
--

DROP TABLE IF EXISTS `sys_logininfor`;
/*!40101 SET @saved_cs_client     = @@character_set_client */;
/*!50503 SET character_set_client = utf8mb4 */;
CREATE TABLE `sys_logininfor` (
  `info_id` bigint NOT NULL AUTO_INCREMENT COMMENT '访问ID',
  `user_name` varchar(50) DEFAULT '' COMMENT '用户账号',
  `ipaddr` varchar(128) DEFAULT '' COMMENT '登录IP地址',
  `login_location` varchar(255) DEFAULT '' COMMENT '登录地点',
  `browser` varchar(50) DEFAULT '' COMMENT '浏览器类型',
  `os` varchar(50) DEFAULT '' COMMENT '操作系统',
  `status` char(1) DEFAULT '0' COMMENT '登录状态（0成功 1失败）',
  `msg` varchar(255) DEFAULT '' COMMENT '提示消息',
  `login_time` datetime DEFAULT NULL COMMENT '访问时间',
  PRIMARY KEY (`info_id`),
  KEY `idx_sys_logininfor_s` (`status`),
  KEY `idx_sys_logininfor_lt` (`login_time`)
) ENGINE=InnoDB AUTO_INCREMENT=8 DEFAULT CHARSET=utf8mb4 COLLATE=utf8mb4_0900_ai_ci COMMENT='系统访问记录';
/*!40101 SET character_set_client = @saved_cs_client */;

--
-- Dumping data for table `sys_logininfor`
--

LOCK TABLES `sys_logininfor` WRITE;
/*!40000 ALTER TABLE `sys_logininfor` DISABLE KEYS */;
INSERT INTO `sys_logininfor` VALUES (1,'admin','','未知','Chrome 143','Mac OS X 10','1','密码错误','2026-01-14 06:51:04'),(2,'000080','','未知','Chrome 143','Mac OS X 10','1','用户不存在','2026-01-14 06:51:09'),(3,'admin','','未知','Chrome 143','Mac OS X 10','1','密码错误','2026-01-14 06:51:13'),(4,'admin','','未知','Chrome 143','Mac OS X 10','1','密码错误','2026-01-14 06:51:16'),(5,'admin','','未知','Chrome 143','Mac OS X 10','0','登录成功','2026-01-14 06:58:26'),(6,'admin','','未知','Chrome 143','Mac OS X 10','0','登录成功','2026-01-14 10:16:54'),(7,'admin','','未知','Chrome 143','Mac OS X 10','0','登录成功','2026-01-14 10:27:29');
/*!40000 ALTER TABLE `sys_logininfor` ENABLE KEYS */;
UNLOCK TABLES;

--
-- Table structure for table `sys_menu`
--

DROP TABLE IF EXISTS `sys_menu`;
/*!40101 SET @saved_cs_client     = @@character_set_client */;
/*!50503 SET character_set_client = utf8mb4 */;
CREATE TABLE `sys_menu` (
  `menu_id` bigint NOT NULL AUTO_INCREMENT COMMENT '菜单ID',
  `menu_name` varchar(50) NOT NULL COMMENT '菜单名称',
  `parent_id` bigint DEFAULT '0' COMMENT '父菜单ID',
  `order_num` int DEFAULT '0' COMMENT '显示顺序',
  `path` varchar(200) DEFAULT '' COMMENT '路由地址',
  `component` varchar(255) DEFAULT NULL COMMENT '组件路径',
  `query` varchar(255) DEFAULT NULL COMMENT '路由参数',
  `route_name` varchar(50) DEFAULT '' COMMENT '路由名称',
  `is_frame` int DEFAULT '1' COMMENT '是否为外链（0是 1否）',
  `is_cache` int DEFAULT '0' COMMENT '是否缓存（0缓存 1不缓存）',
  `menu_type` char(1) DEFAULT '' COMMENT '菜单类型（M目录 C菜单 F按钮）',
  `visible` char(1) DEFAULT '0' COMMENT '菜单状态（0显示 1隐藏）',
  `status` char(1) DEFAULT '0' COMMENT '菜单状态（0正常 1停用）',
  `perms` varchar(100) DEFAULT NULL COMMENT '权限标识',
  `icon` varchar(100) DEFAULT '#' COMMENT '菜单图标',
  `create_by` varchar(64) DEFAULT '' COMMENT '创建者',
  `create_time` datetime DEFAULT NULL COMMENT '创建时间',
  `update_by` varchar(64) DEFAULT '' COMMENT '更新者',
  `update_time` datetime DEFAULT NULL COMMENT '更新时间',
  `remark` varchar(500) DEFAULT '' COMMENT '备注',
  PRIMARY KEY (`menu_id`)
) ENGINE=InnoDB AUTO_INCREMENT=2010 DEFAULT CHARSET=utf8mb4 COLLATE=utf8mb4_0900_ai_ci COMMENT='菜单权限表';
/*!40101 SET character_set_client = @saved_cs_client */;

--
-- Dumping data for table `sys_menu`
--

LOCK TABLES `sys_menu` WRITE;
/*!40000 ALTER TABLE `sys_menu` DISABLE KEYS */;
INSERT INTO `sys_menu` VALUES (1,'系统管理',0,1,'system',NULL,'','',1,0,'M','0','0','','system','admin','2025-10-16 10:32:52','',NULL,'系统管理目录'),(2,'系统监控',0,2,'monitor',NULL,'','',1,0,'M','0','0','','monitor','admin','2025-10-16 10:32:52','',NULL,'系统监控目录'),(3,'系统工具',0,3,'tool',NULL,'','',1,0,'M','0','0','','tool','admin','2025-10-16 10:32:52','',NULL,'系统工具目录'),(4,'若依官网',0,4,'http://ruoyi.vip',NULL,'','',0,0,'M','0','0','','guide','admin','2025-10-16 10:32:52','',NULL,'若依官网地址'),(100,'用户管理',1,1,'user','system/user/index','','',1,0,'C','0','0','system:user:list','user','admin','2025-10-16 10:32:52','admin','2025-10-22 16:22:38','用户管理菜单'),(101,'角色管理',1,2,'role','system/role/index','','',1,0,'C','0','0','system:role:list','peoples','admin','2025-10-16 10:32:52','',NULL,'角色管理菜单'),(102,'菜单管理',1,3,'menu','system/menu/index','','',1,0,'C','0','0','system:menu:list','tree-table','admin','2025-10-16 10:32:52','',NULL,'菜单管理菜单'),(103,'部门管理',1,4,'dept','system/dept/index','','',1,0,'C','0','0','system:dept:list','tree','admin','2025-10-16 10:32:52','',NULL,'部门管理菜单'),(104,'岗位管理',1,5,'post','system/post/index','','',1,0,'C','0','0','system:post:list','post','admin','2025-10-16 10:32:52','',NULL,'岗位管理菜单'),(105,'字典管理',1,6,'dict','system/dict/index','','',1,0,'C','0','0','system:dict:list','dict','admin','2025-10-16 10:32:52','',NULL,'字典管理菜单'),(106,'参数设置',1,7,'config','system/config/index','','',1,0,'C','0','0','system:config:list','edit','admin','2025-10-16 10:32:52','',NULL,'参数设置菜单'),(107,'通知公告',1,8,'notice','system/notice/index','','',1,0,'C','0','0','system:notice:list','message','admin','2025-10-16 10:32:52','',NULL,'通知公告菜单'),(108,'日志管理',1,9,'log','','','',1,0,'M','0','0','','log','admin','2025-10-16 10:32:52','',NULL,'日志管理菜单'),(109,'在线用户',2,1,'online','monitor/online/index','','',1,0,'C','0','0','monitor:online:list','online','admin','2025-10-16 10:32:52','',NULL,'在线用户菜单'),(110,'定时任务',2,2,'job','monitor/job/index','','',1,0,'C','0','0','monitor:job:list','job','admin','2025-10-16 10:32:52','',NULL,'定时任务菜单'),(111,'数据监控',2,3,'druid','monitor/druid/index','','',1,0,'C','0','0','monitor:druid:list','druid','admin','2025-10-16 10:32:52','',NULL,'数据监控菜单'),(112,'服务监控',2,4,'server','monitor/server/index','','',1,0,'C','0','0','monitor:server:list','server','admin','2025-10-16 10:32:52','',NULL,'服务监控菜单'),(113,'缓存监控',2,5,'cache','monitor/cache/index','','',1,0,'C','0','0','monitor:cache:list','redis','admin','2025-10-16 10:32:52','',NULL,'缓存监控菜单'),(114,'缓存列表',2,6,'cacheList','monitor/cache/list','','',1,0,'C','0','0','monitor:cache:list','redis-list','admin','2025-10-16 10:32:52','',NULL,'缓存列表菜单'),(115,'表单构建',3,1,'build','tool/build/index','','',1,0,'C','0','0','tool:build:list','build','admin','2025-10-16 10:32:52','',NULL,'表单构建菜单'),(116,'代码生成',3,2,'gen','tool/gen/index','','',1,0,'C','0','0','tool:gen:list','code','admin','2025-10-16 10:32:52','',NULL,'代码生成菜单'),(117,'系统接口',3,3,'swagger','tool/swagger/index','','',1,0,'C','0','0','tool:swagger:list','swagger','admin','2025-10-16 10:32:52','admin','2025-10-22 15:04:24','系统接口菜单'),(500,'操作日志',108,1,'operlog','monitor/operlog/index','','',1,0,'C','0','0','monitor:operlog:list','form','admin','2025-10-16 10:32:52','',NULL,'操作日志菜单'),(501,'登录日志',108,2,'logininfor','monitor/logininfor/index','','',1,0,'C','0','0','monitor:logininfor:list','logininfor','admin','2025-10-16 10:32:52','',NULL,'登录日志菜单'),(1000,'用户查询',100,1,'','','','',1,0,'F','0','0','system:user:query','#','admin','2025-10-16 10:32:52','',NULL,''),(1001,'用户新增',100,2,'','','','',1,0,'F','0','0','system:user:add','#','admin','2025-10-16 10:32:52','',NULL,''),(1002,'用户修改',100,3,'','','','',1,0,'F','0','0','system:user:edit','#','admin','2025-10-16 10:32:52','',NULL,''),(1003,'用户删除',100,4,'','','','',1,0,'F','0','0','system:user:remove','#','admin','2025-10-16 10:32:52','',NULL,''),(1004,'用户导出',100,5,'','','','',1,0,'F','0','0','system:user:export','#','admin','2025-10-16 10:32:52','',NULL,''),(1005,'用户导入',100,6,'','','','',1,0,'F','0','0','system:user:import','#','admin','2025-10-16 10:32:52','',NULL,''),(1006,'重置密码',100,7,'','','','',1,0,'F','0','0','system:user:resetPwd','#','admin','2025-10-16 10:32:52','',NULL,''),(1007,'角色查询',101,1,'','','','',1,0,'F','0','0','system:role:query','#','admin','2025-10-16 10:32:52','',NULL,''),(1008,'角色新增',101,2,'','','','',1,0,'F','0','0','system:role:add','#','admin','2025-10-16 10:32:52','',NULL,''),(1009,'角色修改',101,3,'','','','',1,0,'F','0','0','system:role:edit','#','admin','2025-10-16 10:32:52','',NULL,''),(1010,'角色删除',101,4,'','','','',1,0,'F','0','0','system:role:remove','#','admin','2025-10-16 10:32:52','',NULL,''),(1011,'角色导出',101,5,'','','','',1,0,'F','0','0','system:role:export','#','admin','2025-10-16 10:32:52','',NULL,''),(1012,'菜单查询',102,1,'','','','',1,0,'F','0','0','system:menu:query','#','admin','2025-10-16 10:32:52','',NULL,''),(1013,'菜单新增',102,2,'','','','',1,0,'F','0','0','system:menu:add','#','admin','2025-10-16 10:32:52','',NULL,''),(1014,'菜单修改',102,3,'','','','',1,0,'F','0','0','system:menu:edit','#','admin','2025-10-16 10:32:52','',NULL,''),(1015,'菜单删除',102,4,'','','','',1,0,'F','0','0','system:menu:remove','#','admin','2025-10-16 10:32:52','',NULL,''),(1016,'部门查询',103,1,'','','','',1,0,'F','0','0','system:dept:query','#','admin','2025-10-16 10:32:52','',NULL,''),(1017,'部门新增',103,2,'','','','',1,0,'F','0','0','system:dept:add','#','admin','2025-10-16 10:32:52','',NULL,''),(1018,'部门修改',103,3,'','','','',1,0,'F','0','0','system:dept:edit','#','admin','2025-10-16 10:32:52','',NULL,''),(1019,'部门删除',103,4,'','','','',1,0,'F','0','0','system:dept:remove','#','admin','2025-10-16 10:32:52','',NULL,''),(1020,'岗位查询',104,1,'','','','',1,0,'F','0','0','system:post:query','#','admin','2025-10-16 10:32:52','',NULL,''),(1021,'岗位新增',104,2,'','','','',1,0,'F','0','0','system:post:add','#','admin','2025-10-16 10:32:52','',NULL,''),(1022,'岗位修改',104,3,'','','','',1,0,'F','0','0','system:post:edit','#','admin','2025-10-16 10:32:52','',NULL,''),(1023,'岗位删除',104,4,'','','','',1,0,'F','0','0','system:post:remove','#','admin','2025-10-16 10:32:52','',NULL,''),(1024,'岗位导出',104,5,'','','','',1,0,'F','0','0','system:post:export','#','admin','2025-10-16 10:32:52','',NULL,''),(1025,'字典查询',105,1,'#','','','',1,0,'F','0','0','system:dict:query','#','admin','2025-10-16 10:32:52','',NULL,''),(1026,'字典新增',105,2,'#','','','',1,0,'F','0','0','system:dict:add','#','admin','2025-10-16 10:32:52','',NULL,''),(1027,'字典修改',105,3,'#','','','',1,0,'F','0','0','system:dict:edit','#','admin','2025-10-16 10:32:52','',NULL,''),(1028,'字典删除',105,4,'#','','','',1,0,'F','0','0','system:dict:remove','#','admin','2025-10-16 10:32:52','',NULL,''),(1029,'字典导出',105,5,'#','','','',1,0,'F','0','0','system:dict:export','#','admin','2025-10-16 10:32:52','',NULL,''),(1030,'参数查询',106,1,'#','','','',1,0,'F','0','0','system:config:query','#','admin','2025-10-16 10:32:52','',NULL,''),(1031,'参数新增',106,2,'#','','','',1,0,'F','0','0','system:config:add','#','admin','2025-10-16 10:32:52','',NULL,''),(1032,'参数修改',106,3,'#','','','',1,0,'F','0','0','system:config:edit','#','admin','2025-10-16 10:32:52','',NULL,''),(1033,'参数删除',106,4,'#','','','',1,0,'F','0','0','system:config:remove','#','admin','2025-10-16 10:32:52','',NULL,''),(1034,'参数导出',106,5,'#','','','',1,0,'F','0','0','system:config:export','#','admin','2025-10-16 10:32:52','',NULL,''),(1035,'公告查询',107,1,'#','','','',1,0,'F','0','0','system:notice:query','#','admin','2025-10-16 10:32:52','',NULL,''),(1036,'公告新增',107,2,'#','','','',1,0,'F','0','0','system:notice:add','#','admin','2025-10-16 10:32:52','',NULL,''),(1037,'公告修改',107,3,'#','','','',1,0,'F','0','0','system:notice:edit','#','admin','2025-10-16 10:32:52','',NULL,''),(1038,'公告删除',107,4,'#','','','',1,0,'F','0','0','system:notice:remove','#','admin','2025-10-16 10:32:52','',NULL,''),(1039,'操作查询',500,1,'#','','','',1,0,'F','0','0','monitor:operlog:query','#','admin','2025-10-16 10:32:52','',NULL,''),(1040,'操作删除',500,2,'#','','','',1,0,'F','0','0','monitor:operlog:remove','#','admin','2025-10-16 10:32:52','',NULL,''),(1041,'日志导出',500,3,'#','','','',1,0,'F','0','0','monitor:operlog:export','#','admin','2025-10-16 10:32:52','',NULL,''),(1042,'登录查询',501,1,'#','','','',1,0,'F','0','0','monitor:logininfor:query','#','admin','2025-10-16 10:32:52','',NULL,''),(1043,'登录删除',501,2,'#','','','',1,0,'F','0','0','monitor:logininfor:remove','#','admin','2025-10-16 10:32:52','',NULL,''),(1044,'日志导出',501,3,'#','','','',1,0,'F','0','0','monitor:logininfor:export','#','admin','2025-10-16 10:32:52','',NULL,''),(1045,'账户解锁',501,4,'#','','','',1,0,'F','0','0','monitor:logininfor:unlock','#','admin','2025-10-16 10:32:52','',NULL,''),(1046,'在线查询',109,1,'#','','','',1,0,'F','0','0','monitor:online:query','#','admin','2025-10-16 10:32:52','',NULL,''),(1047,'批量强退',109,2,'#','','','',1,0,'F','0','0','monitor:online:batchLogout','#','admin','2025-10-16 10:32:52','',NULL,''),(1048,'单条强退',109,3,'#','','','',1,0,'F','0','0','monitor:online:forceLogout','#','admin','2025-10-16 10:32:52','',NULL,''),(1049,'任务查询',110,1,'#','','','',1,0,'F','0','0','monitor:job:query','#','admin','2025-10-16 10:32:52','',NULL,''),(1050,'任务新增',110,2,'#','','','',1,0,'F','0','0','monitor:job:add','#','admin','2025-10-16 10:32:52','',NULL,''),(1051,'任务修改',110,3,'#','','','',1,0,'F','0','0','monitor:job:edit','#','admin','2025-10-16 10:32:52','',NULL,''),(1052,'任务删除',110,4,'#','','','',1,0,'F','0','0','monitor:job:remove','#','admin','2025-10-16 10:32:52','',NULL,''),(1053,'状态修改',110,5,'#','','','',1,0,'F','0','0','monitor:job:changeStatus','#','admin','2025-10-16 10:32:52','',NULL,''),(1054,'任务导出',110,6,'#','','','',1,0,'F','0','0','monitor:job:export','#','admin','2025-10-16 10:32:52','',NULL,''),(1055,'生成查询',116,1,'#','','','',1,0,'F','0','0','tool:gen:query','#','admin','2025-10-16 10:32:52','',NULL,''),(1056,'生成修改',116,2,'#','','','',1,0,'F','0','0','tool:gen:edit','#','admin','2025-10-16 10:32:52','',NULL,''),(1057,'生成删除',116,3,'#','','','',1,0,'F','0','0','tool:gen:remove','#','admin','2025-10-16 10:32:52','',NULL,''),(1058,'导入代码',116,4,'#','','','',1,0,'F','0','0','tool:gen:import','#','admin','2025-10-16 10:32:52','',NULL,''),(1059,'预览代码',116,5,'#','','','',1,0,'F','0','0','tool:gen:preview','#','admin','2025-10-16 10:32:52','',NULL,''),(1060,'生成代码',116,6,'#','','','',1,0,'F','0','0','tool:gen:code','#','admin','2025-10-16 10:32:52','',NULL,''),(2000,'工作台',0,0,'workbench','workbench/index',NULL,'',1,0,'C','0','0','','number','admin','2025-10-17 09:27:37','admin','2025-12-09 17:48:44',''),(2001,'日常工作',2000,1,'routine',NULL,NULL,'',1,0,'M','0','0',NULL,'bug','admin','2025-10-17 10:10:14','admin','2025-10-22 09:44:29',''),(2002,'项目推进',2001,1,'project-progress','workbench/routine/project-progress/index','','',1,0,'C','0','0','','bug','admin','2025-10-17 10:14:58','admin','2025-12-09 15:54:59',''),(2003,'资产管理',2000,2,'asset',NULL,NULL,'',1,0,'M','0','0',NULL,'#','admin','2025-10-17 10:15:36','admin','2025-12-10 16:49:32',''),(2004,'文件管理',2003,1,'2',NULL,NULL,'',1,0,'C','0','0','','documentation','admin','2025-10-17 10:16:16','admin','2025-12-10 16:46:34',''),(2005,'周期任务配置',2001,3,'1',NULL,NULL,'',1,0,'C','0','0','','dict','admin','2025-10-17 10:16:56','admin','2025-12-09 15:55:04',''),(2006,'任务配置',2001,0,'task-configuration','workbench/routine/task-configuration/project-list',NULL,'',1,0,'C','0','0','','enter','admin','2025-10-22 09:37:13','000004','2025-12-10 17:45:35','');
/*!40000 ALTER TABLE `sys_menu` ENABLE KEYS */;
UNLOCK TABLES;

--
-- Table structure for table `sys_notice`
--

DROP TABLE IF EXISTS `sys_notice`;
/*!40101 SET @saved_cs_client     = @@character_set_client */;
/*!50503 SET character_set_client = utf8mb4 */;
CREATE TABLE `sys_notice` (
  `notice_id` int NOT NULL AUTO_INCREMENT COMMENT '公告ID',
  `notice_title` varchar(50) NOT NULL COMMENT '公告标题',
  `notice_type` char(1) NOT NULL COMMENT '公告类型（1通知 2公告）',
  `notice_content` longblob COMMENT '公告内容',
  `status` char(1) DEFAULT '0' COMMENT '公告状态（0正常 1关闭）',
  `create_by` varchar(64) DEFAULT '' COMMENT '创建者',
  `create_time` datetime DEFAULT NULL COMMENT '创建时间',
  `update_by` varchar(64) DEFAULT '' COMMENT '更新者',
  `update_time` datetime DEFAULT NULL COMMENT '更新时间',
  `remark` varchar(255) DEFAULT NULL COMMENT '备注',
  PRIMARY KEY (`notice_id`)
) ENGINE=InnoDB DEFAULT CHARSET=utf8mb4 COLLATE=utf8mb4_0900_ai_ci COMMENT='通知公告表';
/*!40101 SET character_set_client = @saved_cs_client */;

--
-- Dumping data for table `sys_notice`
--

LOCK TABLES `sys_notice` WRITE;
/*!40000 ALTER TABLE `sys_notice` DISABLE KEYS */;
/*!40000 ALTER TABLE `sys_notice` ENABLE KEYS */;
UNLOCK TABLES;

--
-- Table structure for table `sys_oper_log`
--

DROP TABLE IF EXISTS `sys_oper_log`;
/*!40101 SET @saved_cs_client     = @@character_set_client */;
/*!50503 SET character_set_client = utf8mb4 */;
CREATE TABLE `sys_oper_log` (
  `oper_id` bigint NOT NULL AUTO_INCREMENT COMMENT '日志主键',
  `title` varchar(50) DEFAULT '' COMMENT '模块标题',
  `business_type` int DEFAULT '0' COMMENT '业务类型（0其它 1新增 2修改 3删除）',
  `method` varchar(100) DEFAULT '' COMMENT '方法名称',
  `request_method` varchar(10) DEFAULT '' COMMENT '请求方式',
  `operator_type` int DEFAULT '0' COMMENT '操作类别（0其它 1后台用户 2手机端用户）',
  `oper_name` varchar(50) DEFAULT '' COMMENT '操作人员',
  `dept_name` varchar(50) DEFAULT '' COMMENT '部门名称',
  `oper_url` varchar(255) DEFAULT '' COMMENT '请求URL',
  `oper_ip` varchar(128) DEFAULT '' COMMENT '主机地址',
  `oper_location` varchar(255) DEFAULT '' COMMENT '操作地点',
  `oper_param` varchar(2000) DEFAULT '' COMMENT '请求参数',
  `json_result` varchar(2000) DEFAULT '' COMMENT '返回参数',
  `status` int DEFAULT '0' COMMENT '操作状态（0正常 1异常）',
  `error_msg` varchar(2000) DEFAULT '' COMMENT '错误消息',
  `oper_time` datetime DEFAULT NULL COMMENT '操作时间',
  `cost_time` bigint DEFAULT '0' COMMENT '消耗时间',
  PRIMARY KEY (`oper_id`),
  KEY `idx_sys_oper_log_bt` (`business_type`),
  KEY `idx_sys_oper_log_s` (`status`),
  KEY `idx_sys_oper_log_ot` (`oper_time`)
) ENGINE=InnoDB DEFAULT CHARSET=utf8mb4 COLLATE=utf8mb4_0900_ai_ci COMMENT='操作日志记录';
/*!40101 SET character_set_client = @saved_cs_client */;

--
-- Dumping data for table `sys_oper_log`
--

LOCK TABLES `sys_oper_log` WRITE;
/*!40000 ALTER TABLE `sys_oper_log` DISABLE KEYS */;
/*!40000 ALTER TABLE `sys_oper_log` ENABLE KEYS */;
UNLOCK TABLES;

--
-- Table structure for table `sys_role`
--

DROP TABLE IF EXISTS `sys_role`;
/*!40101 SET @saved_cs_client     = @@character_set_client */;
/*!50503 SET character_set_client = utf8mb4 */;
CREATE TABLE `sys_role` (
  `role_id` bigint NOT NULL AUTO_INCREMENT COMMENT '角色ID',
  `role_name` varchar(30) NOT NULL COMMENT '角色名称',
  `role_key` varchar(100) NOT NULL COMMENT '角色权限字符串',
  `role_sort` int NOT NULL COMMENT '显示顺序',
  `data_scope` char(1) DEFAULT '1' COMMENT '数据范围（1：全部数据权限 2：自定数据权限 3：本部门数据权限 4：本部门及以下数据权限）',
  `menu_check_strictly` tinyint(1) DEFAULT '1' COMMENT '菜单树选择项是否关联显示',
  `dept_check_strictly` tinyint(1) DEFAULT '1' COMMENT '部门树选择项是否关联显示',
  `status` char(1) NOT NULL COMMENT '角色状态（0正常 1停用）',
  `del_flag` char(1) DEFAULT '0' COMMENT '删除标志（0代表存在 2代表删除）',
  `create_by` varchar(64) DEFAULT '' COMMENT '创建者',
  `create_time` datetime DEFAULT NULL COMMENT '创建时间',
  `update_by` varchar(64) DEFAULT '' COMMENT '更新者',
  `update_time` datetime DEFAULT NULL COMMENT '更新时间',
  `remark` varchar(500) DEFAULT NULL COMMENT '备注',
  PRIMARY KEY (`role_id`)
) ENGINE=InnoDB AUTO_INCREMENT=102 DEFAULT CHARSET=utf8mb4 COLLATE=utf8mb4_0900_ai_ci COMMENT='角色信息表';
/*!40101 SET character_set_client = @saved_cs_client */;

--
-- Dumping data for table `sys_role`
--

LOCK TABLES `sys_role` WRITE;
/*!40000 ALTER TABLE `sys_role` DISABLE KEYS */;
INSERT INTO `sys_role` VALUES (1,'超级管理员','admin',1,'1',1,1,'0','0','admin','2025-10-16 10:32:52','',NULL,'超级管理员'),(2,'普通员工','stuff',4,'4',1,1,'0','0','admin','2025-10-16 10:32:52','admin','2025-12-09 15:37:08',''),(100,'高级管理人员','senior_manager',2,'1',1,1,'0','0','admin','2025-12-09 14:13:04','admin','2025-12-11 11:02:17',NULL),(101,'管理人员','manager',3,'4',1,1,'0','0','admin','2025-12-09 14:14:11','admin','2025-12-09 17:37:07',NULL);
/*!40000 ALTER TABLE `sys_role` ENABLE KEYS */;
UNLOCK TABLES;

--
-- Table structure for table `sys_role_dept`
--

DROP TABLE IF EXISTS `sys_role_dept`;
/*!40101 SET @saved_cs_client     = @@character_set_client */;
/*!50503 SET character_set_client = utf8mb4 */;
CREATE TABLE `sys_role_dept` (
  `role_id` bigint NOT NULL COMMENT '角色ID',
  `dept_id` bigint NOT NULL COMMENT '部门ID',
  PRIMARY KEY (`role_id`,`dept_id`)
) ENGINE=InnoDB DEFAULT CHARSET=utf8mb4 COLLATE=utf8mb4_0900_ai_ci COMMENT='角色和部门关联表';
/*!40101 SET character_set_client = @saved_cs_client */;

--
-- Dumping data for table `sys_role_dept`
--

LOCK TABLES `sys_role_dept` WRITE;
/*!40000 ALTER TABLE `sys_role_dept` DISABLE KEYS */;
INSERT INTO `sys_role_dept` VALUES (2,100),(2,101),(2,105);
/*!40000 ALTER TABLE `sys_role_dept` ENABLE KEYS */;
UNLOCK TABLES;

--
-- Table structure for table `sys_role_menu`
--

DROP TABLE IF EXISTS `sys_role_menu`;
/*!40101 SET @saved_cs_client     = @@character_set_client */;
/*!50503 SET character_set_client = utf8mb4 */;
CREATE TABLE `sys_role_menu` (
  `role_id` bigint NOT NULL COMMENT '角色ID',
  `menu_id` bigint NOT NULL COMMENT '菜单ID',
  PRIMARY KEY (`role_id`,`menu_id`)
) ENGINE=InnoDB DEFAULT CHARSET=utf8mb4 COLLATE=utf8mb4_0900_ai_ci COMMENT='角色和菜单关联表';
/*!40101 SET character_set_client = @saved_cs_client */;

--
-- Dumping data for table `sys_role_menu`
--

LOCK TABLES `sys_role_menu` WRITE;
/*!40000 ALTER TABLE `sys_role_menu` DISABLE KEYS */;
INSERT INTO `sys_role_menu` VALUES (2,1),(2,100),(2,103),(2,104),(2,1000),(2,1001),(2,1002),(2,1003),(2,1004),(2,1005),(2,1006),(2,1016),(2,1017),(2,1018),(2,1019),(2,1020),(2,1021),(2,1022),(2,1023),(2,1024),(2,2000),(2,2001),(2,2002),(2,2003),(2,2004),(2,2005),(2,2006),(100,1),(100,100),(100,101),(100,103),(100,104),(100,1000),(100,1001),(100,1002),(100,1003),(100,1004),(100,1005),(100,1006),(100,1007),(100,1008),(100,1009),(100,1010),(100,1011),(100,1016),(100,1017),(100,1018),(100,1019),(100,1020),(100,1021),(100,1022),(100,1023),(100,1024),(100,2000),(100,2001),(100,2002),(100,2003),(100,2004),(100,2005),(100,2006),(101,1),(101,100),(101,103),(101,104),(101,1000),(101,1001),(101,1002),(101,1003),(101,1004),(101,1005),(101,1006),(101,1016),(101,1017),(101,1018),(101,1019),(101,1020),(101,1021),(101,1022),(101,1023),(101,1024),(101,2000),(101,2001),(101,2002),(101,2003),(101,2004),(101,2005);
/*!40000 ALTER TABLE `sys_role_menu` ENABLE KEYS */;
UNLOCK TABLES;

--
-- Table structure for table `sys_user`
--

DROP TABLE IF EXISTS `sys_user`;
/*!40101 SET @saved_cs_client     = @@character_set_client */;
/*!50503 SET character_set_client = utf8mb4 */;
CREATE TABLE `sys_user` (
  `user_id` bigint NOT NULL AUTO_INCREMENT COMMENT '用户ID',
  `dept_id` bigint DEFAULT NULL COMMENT '部门ID',
  `user_name` varchar(30) NOT NULL COMMENT '用户账号',
  `nick_name` varchar(30) NOT NULL COMMENT '用户昵称',
  `user_type` varchar(2) DEFAULT '00' COMMENT '用户类型（00系统用户）',
  `email` varchar(50) DEFAULT '''''' COMMENT '用户邮箱',
  `phonenumber` varchar(11) DEFAULT '''''' COMMENT '手机号码',
  `sex` char(1) DEFAULT '0' COMMENT '用户性别（0男 1女 2未知）',
  `avatar` varchar(100) DEFAULT '''''' COMMENT '头像地址',
  `password` varchar(100) DEFAULT '''''' COMMENT '密码',
  `status` char(1) DEFAULT '0' COMMENT '帐号状态（0正常 1停用）',
  `del_flag` char(1) DEFAULT '0' COMMENT '删除标志（0代表存在 2代表删除）',
  `login_ip` varchar(128) DEFAULT '''''' COMMENT '最后登录IP',
  `login_date` datetime DEFAULT NULL COMMENT '最后登录时间',
  `pwd_update_date` datetime DEFAULT NULL COMMENT '密码最后更新时间',
  `create_by` varchar(64) DEFAULT '''''' COMMENT '创建者',
  `create_time` datetime DEFAULT NULL COMMENT '创建时间',
  `update_by` varchar(64) DEFAULT '''''' COMMENT '更新者',
  `update_time` datetime DEFAULT NULL COMMENT '更新时间',
  `remark` varchar(500) DEFAULT NULL COMMENT '备注',
  PRIMARY KEY (`user_id`)
) ENGINE=InnoDB DEFAULT CHARSET=utf8mb4 COLLATE=utf8mb4_0900_ai_ci COMMENT='用户信息表';
/*!40101 SET character_set_client = @saved_cs_client */;

--
-- Dumping data for table `sys_user`
--

LOCK TABLES `sys_user` WRITE;
/*!40000 ALTER TABLE `sys_user` DISABLE KEYS */;
/*!40000 ALTER TABLE `sys_user` ENABLE KEYS */;
UNLOCK TABLES;

--
-- Table structure for table `sys_user_local`
--

DROP TABLE IF EXISTS `sys_user_local`;
/*!40101 SET @saved_cs_client     = @@character_set_client */;
/*!50503 SET character_set_client = utf8mb4 */;
CREATE TABLE `sys_user_local` (
  `user_id` bigint NOT NULL AUTO_INCREMENT COMMENT '用户ID（本地主键）',
  `employee_id` bigint NOT NULL COMMENT '员工ID（关联 oa_employee_primary.id）',
  `job_number` varchar(20) NOT NULL COMMENT '工号（登录账号）',
  `password` varchar(100) DEFAULT '''''' COMMENT '密码',
  `status` char(1) DEFAULT '0' COMMENT '帐号状态（0正常 1停用）',
  `enable` char(1) DEFAULT '1' COMMENT '启用状态（0禁用 1启用）',
  `login_ip` varchar(128) DEFAULT '''''' COMMENT '最后登录IP',
  `login_date` datetime DEFAULT NULL COMMENT '最后登录时间',
  `pwd_update_date` datetime DEFAULT NULL COMMENT '密码最后更新时间',
  `sync_time` datetime DEFAULT NULL COMMENT '数据同步时间',
  `create_by` varchar(64) DEFAULT '''''' COMMENT '创建者',
  `create_time` datetime DEFAULT NULL COMMENT '创建时间',
  `update_by` varchar(64) DEFAULT '''''' COMMENT '更新者',
  `update_time` datetime DEFAULT NULL COMMENT '更新时间',
  `remark` varchar(500) DEFAULT NULL COMMENT '备注',
  PRIMARY KEY (`user_id`)
) ENGINE=InnoDB AUTO_INCREMENT=61 DEFAULT CHARSET=utf8mb4 COLLATE=utf8mb4_0900_ai_ci COMMENT='本地用户表';
/*!40101 SET character_set_client = @saved_cs_client */;

--
-- Dumping data for table `sys_user_local`
--

LOCK TABLES `sys_user_local` WRITE;
/*!40000 ALTER TABLE `sys_user_local` DISABLE KEYS */;
INSERT INTO `sys_user_local` VALUES (1,0,'admin','$2b$12$oujVLqHfgXxnVGmL6RnCpeRk03jH8XekdEBzV2rWVHPxKfu6S8s4u','0','1','192.168.65.1','2026-01-14 10:27:29',NULL,NULL,'\'\'','2025-12-08 16:03:39','\'\'','2025-12-24 10:36:03','系统管理员账户'),(2,4,'000004','$2b$12$FTvpaZzQo3hW98PaQJ0XmOz1hOlOwwAu8H26tCHPW.jqEHPPrBzI.','0','1','127.0.0.1','2026-01-07 09:45:49','2025-12-16 09:35:07','2025-12-08 17:33:49','\'\'','2025-12-08 17:33:49','admin','2025-12-16 09:35:07',NULL),(3,8,'000008','$2b$12$jmjMqA5fjII2tuJMkD6jk.zPOAWkR/Week4NLiE7mWRag0MoFlfzG','0','1','127.0.0.1','2026-01-07 09:47:09',NULL,'2025-12-08 17:33:50','\'\'','2025-12-08 17:33:50','\'\'','2025-12-08 17:33:50',NULL),(4,14,'000014','$2b$12$EoNY7U/43q9nRBfXhk0kT.zELSiRoi2s3uk0Hi8vTwp6Fy5y0RRfm','0','1','\'\'',NULL,NULL,'2025-12-08 17:33:50','\'\'','2025-12-08 17:33:50','\'\'','2025-12-08 17:33:50',NULL),(5,16,'000016','$2b$12$4mz7TvpPGTL.99z8Q37rOeexoxEVWL82ZSd0st6JP4MkcRwMimwfm','0','1','127.0.0.1','2026-01-13 14:38:32',NULL,'2025-12-08 17:33:50','\'\'','2025-12-08 17:33:50','\'\'','2025-12-08 17:33:50',NULL),(6,55,'000031','$2b$12$XLjkCtjZHY7QYXzzQyoiyOkmCRakslBwH3Tffvz1nadSgt6WADyXu','0','1','\'\'',NULL,NULL,'2025-12-08 17:33:51','\'\'','2025-12-08 17:33:51','\'\'','2025-12-08 17:33:51',NULL),(7,56,'000123','$2b$12$RJ6gyPMeK6vegDrRG4X1BeX77/wPyWN/n.xjelYg2eu/y6QSAgjC6','0','1','\'\'',NULL,NULL,'2025-12-08 17:33:51','\'\'','2025-12-08 17:33:51','\'\'','2025-12-08 17:33:51',NULL),(8,57,'000120','$2b$12$5Kw555QeQ6dV4DAVtf9NUuUn/nOtSxgInnMHOH7jkJyqIJ4Okd8D.','0','1','\'\'',NULL,NULL,'2025-12-08 17:33:51','\'\'','2025-12-08 17:33:51','\'\'','2025-12-08 17:33:51',NULL),(9,58,'002773','$2b$12$w43AryVDrO0ciu9bqEraVOnFHX65KZGveleUIIrUYsqZR9Y45VTPO','0','1','\'\'',NULL,NULL,'2025-12-08 17:33:51','\'\'','2025-12-08 17:33:51','\'\'','2025-12-08 17:33:51',NULL),(10,60,'002772','$2b$12$rL6Dj3buXVWIDwVS2aFgf.3HdG0syUWQXghX5OSCHUsJ4ilatF2nS','0','1','\'\'',NULL,NULL,'2025-12-08 17:33:52','\'\'','2025-12-08 17:33:52','\'\'','2025-12-08 17:33:52',NULL),(11,61,'000080','$2b$12$Dj/ttejnXTUFe3.VYHmVI.sLvr9DruYavG1BB4KMNPxPdBevsShk.','0','1','127.0.0.1','2026-01-07 09:46:48',NULL,'2025-12-08 17:33:52','\'\'','2025-12-08 17:33:52','000032','2025-12-12 10:09:08',NULL),(12,62,'000271','$2b$12$pGJIfCY8.r3FjC9qcoq1DeGm9gDC71.bxKflDchogubOlA9uinTta','0','1','\'\'',NULL,NULL,'2025-12-08 17:33:52','\'\'','2025-12-08 17:33:52','\'\'','2025-12-08 17:33:52',NULL),(13,63,'000044','$2b$12$kOrnym1ZocKF9i.48dl46OsILHj/5mUkQzLMHNw35mOcSetSO3Acy','0','1','\'\'',NULL,NULL,'2025-12-08 17:33:53','\'\'','2025-12-08 17:33:53','\'\'','2025-12-08 17:33:53',NULL),(14,64,'000104','$2b$12$Typs2Ww5miVzMgk2mkmvZugo2UqA3uW8Wz.X2ztVd3aG3xNDDCYm6','0','1','\'\'',NULL,NULL,'2025-12-08 17:33:53','\'\'','2025-12-08 17:33:53','\'\'','2025-12-08 17:33:53',NULL),(15,65,'000041','$2b$12$exLaE98BfbCwmBVZfG7QmeHtLQ4TCZxW.O0Mxfq9gp/AmkN7ayMRS','0','1','\'\'',NULL,NULL,'2025-12-08 17:33:53','\'\'','2025-12-08 17:33:53','\'\'','2025-12-08 17:33:53',NULL),(16,66,'000086','$2b$12$jc0DLnSVqVcNZoqgFpbRseMVUT4sUp66tCZXBINhMqRV6qspVAoOK','0','1','\'\'',NULL,NULL,'2025-12-08 17:33:54','\'\'','2025-12-08 17:33:54','\'\'','2025-12-08 17:33:54',NULL),(17,67,'000096','$2b$12$jF03nMRs/FQ/twUXpf6Vj.sjQhMN9TENGl0ISuW525e8GXvLpxxaC','0','1','\'\'',NULL,NULL,'2025-12-08 17:33:54','\'\'','2025-12-08 17:33:54','\'\'','2025-12-08 17:33:54',NULL),(18,68,'000101','$2b$12$ftut64/bN4.VMmiqgIyo0e9AWskb.jwovk9TNxhlSnAeRc9ySmiRq','0','1','\'\'',NULL,NULL,'2025-12-08 17:33:54','\'\'','2025-12-08 17:33:54','\'\'','2025-12-08 17:33:54',NULL),(19,69,'000098','$2b$12$RT72qDOtstI92uuSJEF3Quc5q6WGXc3oMVZ1LAmk/ZCR4kS6lWTje','0','1','\'\'',NULL,NULL,'2025-12-08 17:33:54','\'\'','2025-12-08 17:33:54','\'\'','2025-12-08 17:33:54',NULL),(20,70,'000042','$2b$12$DC/cJbJS9SW9Swa9Bsm79OAioHQRg1Tscgh6bw5/rtBZioCf79rOu','0','1','\'\'',NULL,NULL,'2025-12-08 17:33:55','\'\'','2025-12-08 17:33:55','\'\'','2025-12-08 17:33:55',NULL),(21,71,'002600','$2b$12$qUAdjhpqWFFDSVVLAUmuNuop0BmOgut6bjP2i52Nru5CdQDPI8R9y','0','1','\'\'',NULL,NULL,'2025-12-08 17:33:55','\'\'','2025-12-08 17:33:55','\'\'','2025-12-08 17:33:55',NULL),(22,72,'002598','$2b$12$Dp.pt4X0X7uwlugLBnEkeeRc9ZU516Ny5jAJlCoR/lfLIqKb21n0u','0','1','\'\'',NULL,NULL,'2025-12-08 17:33:55','\'\'','2025-12-08 17:33:55','\'\'','2025-12-08 17:33:55',NULL),(23,73,'002903','$2b$12$IOAF5JEam6b5BfPt3HYmy.7QJi5wD6y81i6Jvl5cfevYCrrTP0SAC','0','1','\'\'',NULL,NULL,'2025-12-08 17:33:56','\'\'','2025-12-08 17:33:56','\'\'','2025-12-08 17:33:56',NULL),(24,75,'000270','$2b$12$9r47FMsDI3ktBUjA3yvz6O.mbosUHv5usv2AY.pSL6a6.v7p4rNrq','0','1','\'\'',NULL,NULL,'2025-12-08 17:33:56','\'\'','2025-12-08 17:33:56','\'\'','2025-12-08 17:33:56',NULL),(25,76,'000268','$2b$12$.IFJOHQVe.LomrbcoWpBMupfJ1HP/6WMBjSsjEWGBPRYPkr3/MWwW','0','1','\'\'',NULL,NULL,'2025-12-08 17:33:56','\'\'','2025-12-08 17:33:56','\'\'','2025-12-08 17:33:56',NULL),(26,77,'000078','$2b$12$bax2IQrWAnB1PtS6ywHKGuVpb8.GGnHQY9TovwmVLm9kYQfr6RcGC','0','1','\'\'',NULL,NULL,'2025-12-08 17:33:56','\'\'','2025-12-08 17:33:56','\'\'','2025-12-08 17:33:56',NULL),(27,78,'002801','$2b$12$A4gpd1JZyLP.vZ.PfNoNKOYO2K8KciGUYa1r84LoBg3IFcym9RIk6','0','1','\'\'',NULL,NULL,'2025-12-08 17:33:57','\'\'','2025-12-08 17:33:57','\'\'','2025-12-08 17:33:57',NULL),(28,79,'000038','$2b$12$82tjXgxUVULs.IwGm9bv5.mdKEUy5a2V061KOlEVVAsjcEa12eNzK','0','1','\'\'',NULL,NULL,'2025-12-08 17:33:57','\'\'','2025-12-08 17:33:57','\'\'','2025-12-08 17:33:57',NULL),(29,80,'001051','$2b$12$kecqVWPaJSxGLr/CAkn8M.wh3Ff2iTXP9WngXQ8Ayhe0vRu2xISZ.','0','1','\'\'',NULL,NULL,'2025-12-08 17:33:57','\'\'','2025-12-08 17:33:57','\'\'','2025-12-08 17:33:57',NULL),(30,81,'000032','$2b$12$htBXooJ8ngTeA.IbYbzC/en.PiLJsm4LXnjTwddgGR0kgimeki.oe','0','1','127.0.0.1','2026-01-07 09:46:35',NULL,'2025-12-08 17:33:57','\'\'','2025-12-08 17:33:57','admin','2025-12-12 10:11:43',NULL),(31,82,'002405','$2b$12$a1fFQ18g5M16XfUcD.C0BeRSs1DzxqK0mJGBG3Ku0wZWStBHtvsYy','0','1','\'\'',NULL,NULL,'2025-12-08 17:33:58','\'\'','2025-12-08 17:33:58','\'\'','2025-12-08 17:33:58',NULL),(32,313,'000437','$2b$12$K6w64OowcKAaE5lEb7L/k.PaY0ZJSm7v6iv.gu6JHHjHXm1.Horr.','0','1','\'\'',NULL,NULL,'2025-12-08 17:33:58','\'\'','2025-12-08 17:33:58','\'\'','2025-12-08 17:33:58',NULL),(33,1167,'002997','$2b$12$3Xhi0mF93JbB8UCkKFBLhO5yoOE0UQ2IVcjjv/jLRQnLQRZlHP7G2','0','1','\'\'',NULL,NULL,'2025-12-08 17:33:58','\'\'','2025-12-08 17:33:58','\'\'','2025-12-08 17:33:58',NULL),(34,1692,'003157','$2b$12$VUWCNxKGt34ezg58UKsruuOjzK3jgEti9dDskYT8Q50QaUcCavVFa','0','1','\'\'',NULL,NULL,'2025-12-08 17:33:59','\'\'','2025-12-08 17:33:59','\'\'','2025-12-08 17:33:59',NULL),(35,1872,'003277','$2b$12$QPKOOi5rmYFEPyTPPUsTy.xjoBRgPbm3Dkl47kcMIiUueO1SoC6ii','0','1','\'\'',NULL,NULL,'2025-12-08 17:33:59','\'\'','2025-12-08 17:33:59','\'\'','2025-12-08 17:33:59',NULL),(36,2063,'003397','$2b$12$st1h4cnDrOe19t0zx3Fraun9HkKwAIvtKOQj8j699IDcn4CuBJcTa','0','1','\'\'',NULL,NULL,'2025-12-08 17:33:59','\'\'','2025-12-08 17:33:59','\'\'','2025-12-08 17:33:59',NULL),(37,3076,'004343','$2b$12$GkuLC96V3iRG4AV5V7n1AuDCTgAvz748xp0Z0ZCTyM/S.qNMt.s6G','0','1','\'\'',NULL,NULL,'2025-12-08 17:33:59','\'\'','2025-12-08 17:33:59','\'\'','2025-12-08 17:33:59',NULL),(38,3278,'004540','$2b$12$aX.Gewt4rRkoI46q5xGY2OuOSBAv6vzPb1fRS4jAn4ddcEiXgem5e','0','1','\'\'',NULL,NULL,'2025-12-08 17:34:00','\'\'','2025-12-08 17:34:00','\'\'','2025-12-08 17:34:00',NULL),(39,3456,'004711','$2b$12$Al4zGvhLTDWS5nztE6thb.ypFRa44XZ6PmTApQGrToZDYpwww3I8q','0','1','\'\'',NULL,NULL,'2025-12-08 17:34:00','\'\'','2025-12-08 17:34:00','\'\'','2025-12-08 17:34:00',NULL),(40,3459,'004714','$2b$12$Id5yHaNFtOoTXUnUs.NuiuZlBq8UNAxGckgXjUS2U0lX7QQrinhu6','0','1','\'\'',NULL,NULL,'2025-12-08 17:34:00','\'\'','2025-12-08 17:34:00','\'\'','2025-12-08 17:34:00',NULL),(41,3473,'004725','$2b$12$YALeG5/gtLAZLbXTLRc4.O/6ICLMbfdsnbsTSkXc20uldTElxFdpa','0','1','\'\'',NULL,NULL,'2025-12-08 17:34:01','\'\'','2025-12-08 17:34:01','\'\'','2025-12-08 17:34:01',NULL),(42,3489,'004740','$2b$12$XuOkcQKcPJYZlI8qcvv.K.W0sReI7XQmSLBJ53WAkQmGftZSCOWSG','0','1','\'\'',NULL,NULL,'2025-12-08 17:34:01','\'\'','2025-12-08 17:34:01','\'\'','2025-12-08 17:34:01',NULL),(43,3872,'005102','$2b$12$P4XWVP9KQ4Zmauu08lWve.IMdzx9WrlgN8sfWnuHb87E7xjtJQoea','0','1','\'\'',NULL,NULL,'2025-12-08 17:34:01','\'\'','2025-12-08 17:34:01','\'\'','2025-12-08 17:34:01',NULL),(44,3878,'005108','$2b$12$EIBT0Wn8CMFDcR9ctRRIIePnleYikuo.PQbDeJ2/VhoGTDjhHq5aK','0','1','\'\'',NULL,NULL,'2025-12-08 17:34:01','\'\'','2025-12-08 17:34:01','\'\'','2025-12-08 17:34:01',NULL),(45,3882,'005112','$2b$12$ft/4cAMQBnlgvBLOwhCaquHeoKAWGuMeAyCyIQkdYM2eAB.3DpFC2','0','1','\'\'',NULL,NULL,'2025-12-08 17:34:02','\'\'','2025-12-08 17:34:02','\'\'','2025-12-08 17:34:02',NULL),(46,3893,'005123','$2b$12$Qfo3qrSLZv0PGSdZzzZfAuSMNfaguH0DS56dOIMu/EqBQZMXcAeKO','0','1','\'\'',NULL,NULL,'2025-12-08 17:34:02','\'\'','2025-12-08 17:34:02','\'\'','2025-12-08 17:34:02',NULL),(47,4243,'005459','$2b$12$HgPklhmEUvMkGJXWOS3Uxu6.oGLVxBsbXptVJcqrTRRFpvrlhNIay','0','1','\'\'',NULL,NULL,'2025-12-08 17:34:02','\'\'','2025-12-08 17:34:02','\'\'','2025-12-08 17:34:02',NULL),(48,4472,'005684','$2b$12$GJ8xthEZG2dVoJPt.TXnQu8fcnzgsXKvbXNfNX7BYcJUfrVWD1MVi','0','1','\'\'',NULL,NULL,'2025-12-08 17:34:02','\'\'','2025-12-08 17:34:02','\'\'','2025-12-08 17:34:02',NULL),(49,4590,'005797','$2b$12$UWJA8DHRPrQNKf6UpZ2FNON6kVW.Qt8rCDr1jV09wPQ5IG1.HGi9q','0','1','\'\'',NULL,NULL,'2025-12-08 17:34:03','\'\'','2025-12-08 17:34:03','\'\'','2025-12-08 17:34:03',NULL),(50,4715,'005918','$2b$12$.cyGOaX.F6nY9hsFyl4AM..pPcvcyruMUVnOBkGEiX2ZCkBWZUQW2','0','1','\'\'',NULL,NULL,'2025-12-08 17:34:03','\'\'','2025-12-08 17:34:03','\'\'','2025-12-08 17:34:03',NULL),(51,4717,'005920','$2b$12$Jjy721UDo3hMMpLhGD6fJevkjaHEKAsD4KGUHC3OlwwSjh1Fmd3NS','0','1','\'\'',NULL,NULL,'2025-12-08 17:34:03','\'\'','2025-12-08 17:34:03','\'\'','2025-12-08 17:34:03',NULL),(52,4816,'006017','$2b$12$2/xvr12lK7KLkUy/ANR4ZOMeHtdkuqDA.mKwMeOZbo87mIc3aXxca','0','1','\'\'',NULL,NULL,'2025-12-08 17:34:04','\'\'','2025-12-08 17:34:04','\'\'','2025-12-08 17:34:04',NULL),(53,5469,'006663','$2b$12$Z6AtAFzTUnZNMBLiGfaQCean50hQrd4Hv6Aw.pZY6DVehGsAx.kUi','0','1','\'\'',NULL,NULL,'2025-12-08 17:34:04','\'\'','2025-12-08 17:34:04','\'\'','2025-12-08 17:34:04',NULL),(54,5592,'006786','$2b$12$UvvXyRjqsEwthZNrMQlrKOQeAlluDKAxVRYuWBZ..oqkyKnSKOm5u','0','1','\'\'',NULL,NULL,'2025-12-08 17:34:04','\'\'','2025-12-08 17:34:04','\'\'','2025-12-08 17:34:04',NULL),(55,5621,'006815','$2b$12$FP1z90HDg/4Gi19mURONcuO2CCWpDjbBpEe.ipvV0O.9HiJaIQsTm','0','1','\'\'',NULL,NULL,'2025-12-08 17:34:04','\'\'','2025-12-08 17:34:04','\'\'','2025-12-08 17:34:04',NULL),(56,5754,'006947','$2b$12$viFg.ZOPqx.m9WdfQzSOGuawb7HDKZKOJfGHxgkYyupJDQjHFEy.G','0','1','\'\'',NULL,NULL,'2025-12-08 17:34:05','\'\'','2025-12-08 17:34:05','\'\'','2025-12-08 17:34:05',NULL),(57,5771,'006964','$2b$12$OJieQHi1A/5HKE1C4Fe00uTOtefBZZa55/3U9Kybfyd6qqJZ9Fn8S','0','1','\'\'',NULL,NULL,'2025-12-08 17:34:05','\'\'','2025-12-08 17:34:05','\'\'','2025-12-08 17:34:05',NULL),(58,5831,'007024','$2b$12$reRGGR1gT8QuqDOOxvWmMuJOYx.nsewxeIdKhY7UVa6AW6xDumoJW','0','1','\'\'',NULL,NULL,'2025-12-08 17:34:05','\'\'','2025-12-08 17:34:05','\'\'','2025-12-08 17:34:05',NULL),(59,5999,'007192','$2b$12$MeDLGEuWRzmO0c0f1Vyyv.ieQfKGKLLMZ3dBJBlrID6DtV62y3AE.','0','1','\'\'',NULL,NULL,'2025-12-08 17:34:06','\'\'','2025-12-08 17:34:06','\'\'','2025-12-08 17:34:06',NULL),(60,7520,'008707','$2b$12$mMNU2/WesQXbBJ/LtkLh6OEXDx4fGdvIoLItb5b2sOmHI3llFATRi','0','1','\'\'',NULL,NULL,'2025-12-08 17:34:06','\'\'','2025-12-08 17:34:06','\'\'','2025-12-08 17:34:06',NULL);
/*!40000 ALTER TABLE `sys_user_local` ENABLE KEYS */;
UNLOCK TABLES;

--
-- Table structure for table `sys_user_post`
--

DROP TABLE IF EXISTS `sys_user_post`;
/*!40101 SET @saved_cs_client     = @@character_set_client */;
/*!50503 SET character_set_client = utf8mb4 */;
CREATE TABLE `sys_user_post` (
  `user_id` bigint NOT NULL COMMENT '用户ID',
  `post_id` bigint NOT NULL COMMENT '岗位ID',
  PRIMARY KEY (`user_id`,`post_id`)
) ENGINE=InnoDB DEFAULT CHARSET=utf8mb4 COLLATE=utf8mb4_0900_ai_ci COMMENT='用户与岗位关联表';
/*!40101 SET character_set_client = @saved_cs_client */;

--
-- Dumping data for table `sys_user_post`
--

LOCK TABLES `sys_user_post` WRITE;
/*!40000 ALTER TABLE `sys_user_post` DISABLE KEYS */;
/*!40000 ALTER TABLE `sys_user_post` ENABLE KEYS */;
UNLOCK TABLES;

--
-- Table structure for table `sys_user_role`
--

DROP TABLE IF EXISTS `sys_user_role`;
/*!40101 SET @saved_cs_client     = @@character_set_client */;
/*!50503 SET character_set_client = utf8mb4 */;
CREATE TABLE `sys_user_role` (
  `user_id` bigint NOT NULL COMMENT '用户ID',
  `role_id` bigint NOT NULL COMMENT '角色ID',
  PRIMARY KEY (`user_id`,`role_id`)
) ENGINE=InnoDB DEFAULT CHARSET=utf8mb4 COLLATE=utf8mb4_0900_ai_ci COMMENT='用户和角色关联表';
/*!40101 SET character_set_client = @saved_cs_client */;

--
-- Dumping data for table `sys_user_role`
--

LOCK TABLES `sys_user_role` WRITE;
/*!40000 ALTER TABLE `sys_user_role` DISABLE KEYS */;
INSERT INTO `sys_user_role` VALUES (1,1),(2,100),(3,100),(5,100),(11,2),(30,101);
/*!40000 ALTER TABLE `sys_user_role` ENABLE KEYS */;
UNLOCK TABLES;

--
-- Table structure for table `todo_stage`
--

DROP TABLE IF EXISTS `todo_stage`;
/*!40101 SET @saved_cs_client     = @@character_set_client */;
/*!50503 SET character_set_client = utf8mb4 */;
CREATE TABLE `todo_stage` (
  `stage_id` bigint NOT NULL COMMENT '阶段ID（关联proj_stage.stage_id，主键）',
  `project_id` bigint NOT NULL COMMENT '项目ID',
  `stage_status` int NOT NULL DEFAULT '0' COMMENT '阶段状态（0-未开始，1-进行中，2-已完成）',
  `predecessor_stages` text COMMENT '前置阶段ID列表（JSON格式）',
  `successor_stages` text COMMENT '后置阶段ID列表（JSON格式）',
  `actual_start_time` datetime DEFAULT NULL COMMENT '实际开始时间',
  `actual_complete_time` datetime DEFAULT NULL COMMENT '实际完成时间',
  `create_time` datetime DEFAULT NULL COMMENT '创建时间',
  `update_time` datetime DEFAULT NULL COMMENT '更新时间',
  PRIMARY KEY (`stage_id`),
  KEY `idx_project_id` (`project_id`),
  KEY `idx_stage_status` (`stage_status`),
  KEY `idx_project_status` (`project_id`,`stage_status`)
) ENGINE=InnoDB DEFAULT CHARSET=utf8mb4 COLLATE=utf8mb4_0900_ai_ci COMMENT='阶段执行表';
/*!40101 SET character_set_client = @saved_cs_client */;

--
-- Dumping data for table `todo_stage`
--

LOCK TABLES `todo_stage` WRITE;
/*!40000 ALTER TABLE `todo_stage` DISABLE KEYS */;
/*!40000 ALTER TABLE `todo_stage` ENABLE KEYS */;
UNLOCK TABLES;

--
-- Table structure for table `todo_task`
--

DROP TABLE IF EXISTS `todo_task`;
/*!40101 SET @saved_cs_client     = @@character_set_client */;
/*!50503 SET character_set_client = utf8mb4 */;
CREATE TABLE `todo_task` (
  `id` bigint NOT NULL AUTO_INCREMENT COMMENT '主键ID',
  `task_id` bigint NOT NULL COMMENT '任务ID（关联proj_task.task_id）',
  `project_id` bigint NOT NULL COMMENT '项目ID',
  `stage_id` bigint DEFAULT NULL COMMENT '阶段ID',
  `name` varchar(200) NOT NULL COMMENT '任务名称',
  `description` text COMMENT '任务描述',
  `start_time` date DEFAULT NULL COMMENT '开始日期',
  `end_time` date DEFAULT NULL COMMENT '结束日期',
  `duration` int DEFAULT NULL COMMENT '持续天数',
  `job_number` varchar(64) DEFAULT NULL COMMENT '负责人工号',
  `predecessor_tasks` text COMMENT '前置任务ID列表（JSON格式）',
  `successor_tasks` text COMMENT '后置任务ID列表（JSON格式）',
  `approval_nodes` text COMMENT '审批节点数组（JSON格式，存储编制ID列表，oa_department.id）',
  `task_status` int NOT NULL DEFAULT '0' COMMENT '任务状态（0-未开始，1-进行中，2-已提交，3-完成，4-驳回）',
  `is_skipped` int NOT NULL DEFAULT '0' COMMENT '是否跳过（0-未跳过，1-已跳过）',
  `actual_start_time` datetime DEFAULT NULL COMMENT '实际开始时间',
  `actual_complete_time` datetime DEFAULT NULL COMMENT '实际完成时间',
  PRIMARY KEY (`id`),
  UNIQUE KEY `uk_task_id` (`task_id`),
  KEY `idx_project_id` (`project_id`),
  KEY `idx_stage_id` (`stage_id`),
  KEY `idx_task_status` (`task_status`),
  KEY `idx_project_status` (`project_id`,`task_status`),
  KEY `idx_job_number` (`job_number`)
) ENGINE=InnoDB DEFAULT CHARSET=utf8mb4 COLLATE=utf8mb4_0900_ai_ci COMMENT='任务执行表';
/*!40101 SET character_set_client = @saved_cs_client */;

--
-- Dumping data for table `todo_task`
--

LOCK TABLES `todo_task` WRITE;
/*!40000 ALTER TABLE `todo_task` DISABLE KEYS */;
/*!40000 ALTER TABLE `todo_task` ENABLE KEYS */;
UNLOCK TABLES;

--
-- Table structure for table `todo_task_apply`
--

DROP TABLE IF EXISTS `todo_task_apply`;
/*!40101 SET @saved_cs_client     = @@character_set_client */;
/*!50503 SET character_set_client = utf8mb4 */;
CREATE TABLE `todo_task_apply` (
  `id` bigint NOT NULL AUTO_INCREMENT COMMENT '主键ID',
  `apply_id` varchar(64) NOT NULL COMMENT '申请单ID（关联apply_primary.apply_id）',
  `task_id` bigint NOT NULL COMMENT '任务ID（关联todo_task.id）',
  `submit_text` text COMMENT '提交文本',
  `submit_images` text COMMENT '提交图片（JSON格式，存储图片URL列表）',
  `submit_time` datetime DEFAULT NULL COMMENT '提交时间',
  PRIMARY KEY (`id`),
  UNIQUE KEY `uk_apply_id` (`apply_id`),
  KEY `idx_task_id` (`task_id`),
  KEY `idx_submit_time` (`submit_time`)
) ENGINE=InnoDB DEFAULT CHARSET=utf8mb4 COLLATE=utf8mb4_0900_ai_ci COMMENT='任务申请详情表';
/*!40101 SET character_set_client = @saved_cs_client */;

--
-- Dumping data for table `todo_task_apply`
--

LOCK TABLES `todo_task_apply` WRITE;
/*!40000 ALTER TABLE `todo_task_apply` DISABLE KEYS */;
/*!40000 ALTER TABLE `todo_task_apply` ENABLE KEYS */;
UNLOCK TABLES;

--
-- Dumping events for database 'DreamPlazaConstructionEngineering'
--

--
-- Dumping routines for database 'DreamPlazaConstructionEngineering'
--
/*!40103 SET TIME_ZONE=@OLD_TIME_ZONE */;

/*!40101 SET SQL_MODE=@OLD_SQL_MODE */;
/*!40014 SET FOREIGN_KEY_CHECKS=@OLD_FOREIGN_KEY_CHECKS */;
/*!40014 SET UNIQUE_CHECKS=@OLD_UNIQUE_CHECKS */;
/*!40101 SET CHARACTER_SET_CLIENT=@OLD_CHARACTER_SET_CLIENT */;
/*!40101 SET CHARACTER_SET_RESULTS=@OLD_CHARACTER_SET_RESULTS */;
/*!40101 SET COLLATION_CONNECTION=@OLD_COLLATION_CONNECTION */;
/*!40111 SET SQL_NOTES=@OLD_SQL_NOTES */;

-- Dump completed on 2026-01-15 15:06:25
